Player ID,Round,Overall Pick,Games,Minutes Played,Points,Total Rebounds,Assists ,Field Goal Percentage,3-Point Percentage,Free Throw Percentage,Minutes Per Game,Points Per Game,Total Rebounds Per Game,Assists Per Game
,,,,,,,,,,,,,,
1,1,19,66,1543,689,473,73,0.584,0.321,0.752,23.4,10.4,7.2,1.1
2,2,41,48,765,291,107,66,0.353,0.344,0.682,15.9,6.1,2.2,1.4
3,1,21,59,735,204,115,59,0.437,0.214,0.512,12.5,3.5,1.9,1
4,2,54,57,523,221,56,78,0.363,0.268,0.754,9.2,3.9,1,1.4
5,1,15,214,4260,1601,721,142,0.42,0.331,0.782,19.9,7.5,3.4,0.7
6,1,15,107,1403,429,315,66,0.406,0.254,0.68,13.1,4,2.9,0.6
7,2,43,13,101,33,32,4,0.625,,0.273,7.8,2.5,2.5,0.3
8,1,17,352,8341,4545,884,1675,0.434,0.32,0.827,23.7,12.9,2.5,4.8
9,1,18,251,4757,1369,465,711,0.425,0.339,0.782,19,5.5,1.9,2.8
10,2,47,160,2323,755,197,280,0.439,0.389,0.768,14.5,4.7,1.2,1.8
11,2,50,213,4381,1376,695,200,0.454,0.362,0.81,20.6,6.5,3.3,0.9
12,1,23,145,1850,734,213,116,0.448,0.364,0.849,12.8,5.1,1.5,0.8
13,2,43,348,5533,2557,1043,321,0.476,0.351,0.767,15.9,7.3,3,0.9
14,2,48,3,9,0,3,0,0,,,3,0,1,0
15,1,24,39,623,150,131,26,0.415,0,0.667,16,3.8,3.4,0.7
16,2,53,3,21,7,3,2,0.333,0,1,7,2.3,1,0.7
17,1,19,664,18292,8433,1637,3763,0.447,0.357,0.844,27.5,12.7,2.5,5.7
18,1,3,713,23655,10096,6104,2253,0.525,0.371,0.748,33.2,14.2,8.6,3.2
19,1,11,188,2385,725,195,309,0.413,0.235,0.778,12.7,3.9,1,1.6
20,1,5,361,5586,1618,1562,163,0.462,0.222,0.74,15.5,4.5,4.3,0.5
21,2,33,281,3092,839,654,99,0.467,0.111,0.717,11,3,2.3,0.4
22,1,2,932,26720,9778,4925,1204,0.444,0.358,0.807,28.7,10.5,5.3,1.3
23,2,31,157,2672,1260,214,164,0.407,0.366,0.882,17,8,1.4,1
24,1,6,391,10432,3548,1850,609,0.522,0.329,0.779,26.7,9.1,4.7,1.6
25,1,17,894,29000,12996,6653,2789,0.452,0.285,0.632,32.4,14.5,7.4,3.1
26,2,34,61,560,165,66,48,0.421,0.308,0.65,9.2,2.7,1.1,0.8
27,2,37,492,6162,1641,557,501,0.406,0.361,0.706,12.5,3.3,1.1,1
28,1,21,1064,28768,9139,4634,3684,0.493,0.336,0.717,27,8.6,4.4,3.5
29,2,37,41,507,123,70,19,0.354,0.3,0.815,12.4,3,1.7,0.5
30,2,37,103,1264,501,292,57,0.44,0.347,0.674,12.3,4.9,2.8,0.6
31,1,3,1188,40488,20724,11110,3854,0.508,0.369,0.754,34.1,17.4,9.4,3.2
32,2,34,139,1934,472,377,93,0.407,0.196,0.711,13.9,3.4,2.7,0.7
33,1,6,344,5930,2121,769,304,0.411,0.336,0.789,17.2,6.2,2.2,0.9
34,2,40,155,2360,715,442,75,0.442,0.063,0.783,15.2,4.6,2.9,0.5
35,,,,,,,,,,,,,,
36,1,3,74,2256,1013,381,112,0.478,0.426,0.822,30.5,13.7,5.1,1.5
37,2,37,65,962,150,129,17,0.303,0.3,0.605,14.8,2.3,2,0.3
38,2,53,11,32,5,4,2,0.167,0,0.75,2.9,0.5,0.4,0.2
39,2,56,7,35,5,4,1,0.25,0,0.6,5,0.7,0.6,0.1
40,1,3,141,3278,1403,545,167,0.457,0.363,0.658,23.2,10,3.9,1.2
41,1,16,28,160,51,39,13,0.415,0.333,0.615,5.7,1.8,1.4,0.5
42,1,23,26,180,95,53,4,0.714,,0.75,6.9,3.7,2,0.2
43,2,31,90,1006,360,263,35,0.603,,0.667,11.2,4,2.9,0.4
44,2,45,19,95,26,16,11,0.455,0.25,0.5,5,1.4,0.8,0.6
45,2,51,3,10,0,2,0,0,0,,3.3,0,0.7,0
46,2,58,40,424,122,57,22,0.336,0.373,0.606,10.6,3.1,1.4,0.6
47,1,16,187,3459,1321,629,368,0.38,0.359,0.772,18.5,7.1,3.4,2
48,1,28,42,329,97,39,15,0.36,0.292,0.857,7.8,2.3,0.9,0.4
49,2,33,62,452,139,122,17,0.445,0.071,0.6,7.3,2.2,2,0.3
50,1,6,261,7488,2466,971,1016,0.36,0.293,0.756,28.7,9.4,3.7,3.9
51,1,17,95,812,219,96,28,0.367,0.277,0.563,8.5,2.3,1,0.3
52,1,16,136,1713,436,383,68,0.632,0.281,0.64,12.6,3.2,2.8,0.5
53,1,21,269,6532,2893,2006,477,0.436,0.272,0.723,24.3,10.8,7.5,1.8
54,1,22,6,36,7,3,0,0.5,,0.25,6,1.2,0.5,0
55,2,51,10,54,9,7,1,0.143,0,0.625,5.4,0.9,0.7,0.1
56,1,25,164,2876,1261,358,232,0.442,0.326,0.748,17.5,7.7,2.2,1.4
57,2,55,454,9453,3399,887,809,0.452,0.382,0.735,20.8,7.5,2,1.8
58,1,19,459,13052,5664,1380,797,0.439,0.366,0.772,28.4,12.3,3,1.7
59,2,52,70,871,253,196,36,0.376,0.241,0.737,12.4,3.6,2.8,0.5
60,2,58,57,594,268,77,71,0.375,0.277,0.806,10.4,4.7,1.4,1.2
61,1,30,38,247,73,54,13,0.476,0,0.565,6.5,1.9,1.4,0.3
62,2,60,69,928,262,190,29,0.546,,0.594,13.4,3.8,2.8,0.4
63,1,5,774,23479,10266,3546,1224,0.438,0.331,0.797,30.3,13.3,4.6,1.6
64,2,32,62,461,125,51,52,0.321,0.283,0.783,7.4,2,0.8,0.8
65,1,7,752,19279,7729,1686,2112,0.401,0.366,0.852,25.6,10.3,2.2,2.8
66,1,18,577,11338,5614,1424,549,0.419,0.362,0.813,19.6,9.7,2.5,1
67,2,50,487,13463,4926,2239,712,0.445,0.349,0.799,27.6,10.1,4.6,1.5
68,2,53,131,1555,326,195,155,0.387,0.212,0.642,11.9,2.5,1.5,1.2
69,1,15,913,26277,14325,7681,1346,0.499,0.125,0.71,28.8,15.7,8.4,1.5
70,1,24,432,11842,4198,1265,1540,0.448,0.372,0.826,27.4,9.7,2.9,3.6
71,1,25,820,18055,6654,2884,1077,0.475,0.282,0.709,22,8.1,3.5,1.3
72,2,40,136,1436,472,186,68,0.404,0,0.752,10.6,3.5,1.4,0.5
73,1,16,6,34,11,4,4,0.222,0,1,5.7,1.8,0.7,0.7
74,1,20,624,9799,3353,1082,529,0.439,0.329,0.751,15.7,5.4,1.7,0.8
75,2,56,67,630,220,187,22,0.476,0,0.488,9.4,3.3,2.8,0.3
76,2,50,495,9229,3415,1689,589,0.499,0.158,0.844,18.6,6.9,3.4,1.2
77,1,10,1268,44078,20355,5035,4987,0.442,0.372,0.802,34.8,16.1,4,3.9
78,1,11,143,1935,509,347,103,0.405,0.274,0.64,13.5,3.6,2.4,0.7
79,1,21,25,125,30,17,17,0.234,0,0.8,5,1.2,0.7,0.7
80,1,11,145,1392,386,395,38,0.489,0,0.593,9.6,2.7,2.7,0.3
81,,,,,,,,,,,,,,
82,1,22,64,1244,509,342,45,0.582,0.25,0.797,19.4,8,5.3,0.7
83,1,27,71,2184,1126,448,128,0.45,0.371,0.719,30.8,15.9,6.3,1.8
84,2,55,2,15,9,3,2,0.375,0.333,1,7.5,4.5,1.5,1
85,1,29,59,532,194,112,15,0.426,0.306,0.548,9,3.3,1.9,0.3
86,2,41,146,1788,541,224,120,0.422,0.362,0.842,12.2,3.7,1.5,0.8
87,1,22,381,8584,3305,2423,777,0.565,0,0.564,22.5,8.7,6.4,2
88,1,27,36,298,114,58,6,0.446,,0.667,8.3,3.2,1.6,0.2
89,2,36,43,635,197,156,11,0.507,,0.652,14.8,4.6,3.6,0.3
90,1,3,548,14275,6322,3934,605,0.516,0.211,0.664,26,11.5,7.2,1.1
91,1,27,278,6827,3417,702,879,0.411,0.316,0.825,24.6,12.3,2.5,3.2
92,2,31,12,82,24,15,2,0.44,0,1,6.8,2,1.3,0.2
93,1,11,153,2922,1085,545,364,0.412,0.317,0.659,19.1,7.1,3.6,2.4
94,1,10,627,19633,11290,4262,978,0.502,0.335,0.788,31.3,18,6.8,1.6
95,1,21,618,16369,7925,3339,563,0.423,0.382,0.855,26.5,12.8,5.4,0.9
96,2,40,222,4381,1571,472,254,0.439,0.329,0.831,19.7,7.1,2.1,1.1
97,1,17,137,1978,581,472,47,0.511,0,0.624,14.4,4.2,3.4,0.3
98,1,22,203,3095,1128,361,574,0.386,0.321,0.767,15.2,5.6,1.8,2.8
99,1,23,256,4482,1340,1258,125,0.544,,0.445,17.5,5.2,4.9,0.5
100,2,54,73,547,185,84,14,0.534,0,0.643,7.5,2.5,1.2,0.2
101,1,15,297,5714,1614,681,295,0.412,0.304,0.674,19.2,5.4,2.3,1
102,2,43,5,6,0,1,0,0,,,1.2,0,0.2,0
103,1,22,143,2351,643,492,142,0.443,0.292,0.658,16.4,4.5,3.4,1
104,1,22,148,1584,561,198,165,0.405,0.289,0.677,10.7,3.8,1.3,1.1
105,2,51,1100,28816,10944,3348,1961,0.444,0.432,0.88,26.2,9.9,3,1.8
106,1,24,419,10547,4210,2261,346,0.494,0.143,0.73,25.2,10,5.4,0.8
107,2,54,66,517,173,70,31,0.361,0.265,0.538,7.8,2.6,1.1,0.5
108,1,7,303,6729,2171,1744,236,0.377,0.315,0.671,22.2,7.2,5.8,0.8
109,2,35,520,6772,1594,1034,436,0.39,0.344,0.783,13,3.1,2,0.8
110,1,1,757,23134,9325,5159,1439,0.483,0.234,0.629,30.6,12.3,6.8,1.9
111,2,36,47,303,68,76,5,0.389,,0.462,6.4,1.4,1.6,0.1
112,,,,,,,,,,,,,,
113,1,11,56,691,295,58,68,0.327,0.324,0.778,12.3,5.3,1,1.2
114,1,22,48,522,168,57,24,0.367,0.294,0.78,10.9,3.5,1.2,0.5
115,1,9,228,5330,2265,930,377,0.41,0.347,0.762,23.4,9.9,4.1,1.7
116,1,9,226,3466,920,1048,93,0.444,0.301,0.673,15.3,4.1,4.6,0.4
117,1,24,224,3473,1257,375,431,0.398,0.363,0.799,15.5,5.6,1.7,1.9
118,2,45,247,4066,1612,1030,180,0.535,0.282,0.74,16.5,6.5,4.2,0.7
119,1,4,312,7029,2472,1752,393,0.504,0.25,0.732,22.5,7.9,5.6,1.3
120,1,2,350,9345,3197,2086,435,0.476,0.194,0.706,26.7,9.1,6,1.2
121,2,31,132,2566,807,263,107,0.409,0.319,0.665,19.4,6.1,2,0.8
122,1,9,516,17550,9820,1943,2796,0.415,0.36,0.833,34,19,3.8,5.4
123,1,19,455,13448,6620,2560,768,0.467,0.354,0.813,29.6,14.5,5.6,1.7
124,2,39,104,1034,373,269,25,0.45,0,0.557,9.9,3.6,2.6,0.2
125,1,12,535,13854,5987,1716,1009,0.44,0.327,0.793,25.9,11.2,3.2,1.9
126,2,40,171,2554,895,413,119,0.515,0.317,0.637,14.9,5.2,2.4,0.7
127,1,9,717,16930,6872,1295,2747,0.406,0.376,0.862,23.6,9.6,1.8,3.8
128,1,20,293,3905,1553,1150,143,0.503,0.286,0.797,13.3,5.3,3.9,0.5
129,2,38,73,1379,363,158,119,0.441,0.353,0.736,18.9,5,2.2,1.6
130,1,8,428,6949,2976,1560,199,0.607,0,0.674,16.2,7,3.6,0.5
131,1,22,784,18386,6256,2610,1273,0.467,0.396,0.734,23.5,8,3.3,1.6
132,1,3,161,3278,1200,342,222,0.373,0.331,0.71,20.4,7.5,2.1,1.4
133,2,50,518,6134,1913,1140,151,0.584,0,0.649,11.8,3.7,2.2,0.3
134,1,5,931,28344,10674,2821,5035,0.413,0.329,0.789,30.4,11.5,3,5.4
135,1,13,119,1868,821,481,115,0.458,0.231,0.746,15.7,6.9,4,1
136,1,2,610,19007,7355,5944,518,0.512,0,0.585,31.2,12.1,9.7,0.8
137,2,45,128,1909,576,315,126,0.417,0.161,0.786,14.9,4.5,2.5,1
138,1,16,27,134,32,27,8,0.232,0,0.5,5,1.2,1,0.3
139,1,19,680,14621,4917,4408,386,0.48,0,0.639,21.5,7.2,6.5,0.6
140,,,,,,,,,,,,,,
141,2,38,48,700,233,178,90,0.646,0,0.69,14.6,4.9,3.7,1.9
142,1,14,130,2981,1047,535,297,0.401,0.376,0.776,22.9,8.1,4.1,2.3
143,2,48,98,1667,458,256,82,0.371,0.335,0.758,17,4.7,2.6,0.8
144,1,22,190,3538,1723,1062,203,0.461,0.34,0.744,18.6,9.1,5.6,1.1
145,1,16,229,4869,2345,1630,340,0.48,0,0.615,21.3,10.2,7.1,1.5
146,1,19,253,7205,3119,636,533,0.469,0.372,0.802,28.5,12.3,2.5,2.1
147,2,49,36,167,44,36,7,0.296,0.2,0.846,4.6,1.2,1,0.2
148,1,20,359,8122,2271,872,377,0.421,0.381,0.811,22.6,6.3,2.4,1.1
149,2,49,24,62,6,8,2,0.231,0,,2.6,0.3,0.3,0.1
150,1,29,88,835,206,84,121,0.349,0.22,0.686,9.5,2.3,1,1.4
151,1,28,360,8018,2506,702,981,0.407,0.324,0.743,22.3,7,2,2.7
152,1,30,455,14957,7451,2226,1533,0.452,0.34,0.834,32.9,16.4,4.9,3.4
153,2,43,36,534,140,65,51,0.382,0.294,0.703,14.8,3.9,1.8,1.4
154,1,17,423,6430,2516,1462,246,0.489,0,0.715,15.2,5.9,3.5,0.6
155,1,16,540,11099,4278,1952,1120,0.481,0.302,0.691,20.6,7.9,3.6,2.1
156,1,26,660,17174,6414,4220,670,0.506,0.159,0.703,26,9.7,6.4,1
157,1,1,491,16658,9345,1768,2833,0.451,0.296,0.821,33.9,19,3.6,5.8
158,2,39,183,3335,1189,402,257,0.465,0.283,0.702,18.2,6.5,2.2,1.4
159,1,9,625,17903,5569,5804,1811,0.49,0,0.699,28.6,8.9,9.3,2.9
160,2,49,318,3851,1066,1190,207,0.509,0,0.562,12.1,3.4,3.7,0.7
161,2,51,1,0,0,0,0,,,,0,0,0,0
162,1,2,861,29815,16693,7150,1648,0.488,0.29,0.806,34.6,19.4,8.3,1.9
163,1,16,299,4600,1778,588,132,0.422,0.338,0.704,15.4,5.9,2,0.4
164,1,3,744,20366,11084,1851,1868,0.432,0.401,0.857,27.4,14.9,2.5,2.5
165,2,31,87,1111,285,261,51,0.408,0,0.58,12.8,3.3,3,0.6
166,2,38,606,15526,3946,1364,2690,0.393,0.363,0.784,25.6,6.5,2.3,4.4
167,1,7,879,27015,9594,2576,4245,0.411,0.375,0.8,30.7,10.9,2.9,4.8
168,2,45,792,13356,4632,2371,552,0.464,0.414,0.78,16.9,5.8,3,0.7
169,1,2,75,1961,714,195,350,0.399,0.322,0.64,26.1,9.5,2.6,4.7
170,2,31,518,9147,3289,897,677,0.408,0.383,0.866,17.7,6.3,1.7,1.3
171,2,44,162,1884,637,477,40,0.466,0.2,0.657,11.6,3.9,2.9,0.2
172,1,4,527,13109,6820,2725,287,0.545,1,0.642,24.9,12.9,5.2,0.5
173,2,30,644,16278,3741,1826,1132,0.445,0.318,0.765,25.3,5.8,2.8,1.8
174,2,45,45,550,203,94,33,0.463,0,0.691,12.2,4.5,2.1,0.7
175,1,4,289,6032,2782,1340,352,0.435,0.191,0.691,20.9,9.6,4.6,1.2
176,1,7,436,8758,3262,2302,223,0.459,0.231,0.704,20.1,7.5,5.3,0.5
177,1,24,95,973,251,238,37,0.361,0,0.559,10.2,2.6,2.5,0.4
178,2,32,80,1246,442,80,147,0.377,0.378,0.822,15.6,5.5,1,1.8
179,2,33,450,6443,1814,1539,237,0.487,0.333,0.714,14.3,4,3.4,0.5
180,2,34,50,936,314,81,145,0.37,0.333,0.778,18.7,6.3,1.6,2.9
181,,,,,,,,,,,,,,
182,1,24,172,2669,737,242,466,0.425,0.339,0.818,15.5,4.3,1.4,2.7
183,1,1,320,11579,6350,1314,661,0.448,0.329,0.742,36.2,19.8,4.1,2.1
184,2,33,180,3458,1325,433,193,0.453,0.396,0.768,19.2,7.4,2.4,1.1
185,1,1,151,1905,658,472,77,0.392,0.261,0.67,12.6,4.4,3.1,0.5
186,1,19,95,1110,287,140,87,0.395,0.282,0.842,11.7,3,1.5,0.9
187,2,31,294,7142,2739,819,343,0.437,0.393,0.848,24.3,9.3,2.8,1.2
188,2,33,7,38,19,6,4,0.5,0.4,0.75,5.4,2.7,0.9,0.6
189,1,4,365,10490,4867,968,1022,0.412,0.341,0.701,28.7,13.3,2.7,2.8
190,1,24,84,605,197,56,39,0.347,0.306,0.674,7.2,2.3,0.7,0.5
191,2,33,92,761,203,212,13,0.497,0,0.68,8.3,2.2,2.3,0.1
192,2,34,455,10802,4102,1712,629,0.431,0.343,0.791,23.7,9,3.8,1.4
193,1,1,441,14955,9698,1517,2420,0.462,0.388,0.875,33.9,22,3.4,5.5
194,1,4,510,14310,4650,4320,412,0.518,0,0.608,28.1,9.1,8.5,0.8
195,2,32,22,150,45,18,4,0.34,0.276,0.333,6.8,2,0.8,0.2
196,1,30,51,1049,320,137,40,0.411,0.277,0.611,20.6,6.3,2.7,0.8
197,2,46,532,13370,4700,1827,860,0.42,0.396,0.817,25.1,8.8,3.4,1.6
198,1,19,534,11925,5081,3639,449,0.505,0,0.617,22.3,9.5,6.8,0.8
199,1,25,408,7329,3118,760,458,0.42,0.332,0.807,18,7.6,1.9,1.1
200,2,42,397,9316,3115,792,775,0.402,0.407,0.78,23.5,7.8,2,2
201,1,10,73,724,252,89,58,0.357,0.36,0.732,9.9,3.5,1.2,0.8
202,1,1,1134,43977,30796,8336,8126,0.504,0.343,0.739,38.8,27.2,7.4,7.2
203,2,31,509,9068,3398,844,417,0.442,0.434,0.835,17.8,6.7,1.7,0.8
204,1,6,103,2202,964,142,195,0.366,0.321,0.77,21.4,9.4,1.4,1.9
205,2,35,861,26901,13976,8192,1928,0.521,0.071,0.722,31.2,16.2,9.5,2.2
206,1,8,601,8403,1185,2219,270,0.427,0.167,0.467,14,2,3.7,0.4
207,1,20,816,18680,5538,4875,442,0.528,0,0.587,22.9,6.8,6,0.5
208,2,36,31,270,88,43,22,0.337,0.462,0.7,8.7,2.8,1.4,0.7
209,1,8,1255,37607,18847,2850,4292,0.41,0.349,0.862,30,15,2.3,3.4
210,,,,,,,,,,,,,,
211,1,9,62,1843,939,237,304,0.392,0.306,0.7,29.7,15.1,3.8,4.9
212,2,46,22,163,48,36,4,0.405,0.5,0.45,7.4,2.2,1.6,0.2
213,1,21,163,2339,938,456,118,0.42,0.298,0.785,14.3,5.8,2.8,0.7
214,1,13,346,7373,3400,1696,660,0.48,0.367,0.75,21.3,9.8,4.9,1.9
215,2,44,235,3372,1228,716,202,0.496,0.389,0.839,14.3,5.2,3,0.9
216,1,17,397,6970,2757,1739,351,0.506,0.294,0.761,17.6,6.9,4.4,0.9
217,2,55,7,21,0,6,2,0,0,0,3,0,0.9,0.3
218,1,26,151,2100,890,429,127,0.408,0.357,0.67,13.9,5.9,2.8,0.8
219,2,50,26,181,39,61,5,0.314,,0.7,7,1.5,2.3,0.2
220,1,24,189,3446,1398,790,153,0.408,0.319,0.706,18.2,7.4,4.2,0.8
221,2,34,26,269,107,89,11,0.561,0,0.682,10.3,4.1,3.4,0.4
222,1,28,82,505,169,46,19,0.339,0.25,0.566,6.2,2.1,0.6,0.2
223,2,50,31,272,85,22,28,0.319,0.172,0.81,8.8,2.7,0.7,0.9
224,2,54,75,1062,321,95,176,0.335,0.218,0.746,14.2,4.3,1.3,2.3
225,1,12,409,7084,2341,1927,149,0.513,,0.603,17.3,5.7,4.7,0.4
226,2,31,133,1253,393,199,39,0.391,0.289,0.613,9.4,3,1.5,0.3
227,,,,,,,,,,,,,,
228,1,13,71,2367,1439,261,256,0.435,0.338,0.821,33.3,20.3,3.7,3.6
229,2,51,3,25,10,2,7,0.667,0,1,8.3,3.3,0.7,2.3
230,1,7,155,4018,2021,484,406,0.432,0.361,0.898,25.9,13,3.1,2.6
231,1,15,85,1096,381,240,39,0.437,0.369,0.761,12.9,4.5,2.8,0.5
232,1,19,82,744,274,88,42,0.42,0.33,0.718,9.1,3.3,1.1,0.5
233,2,56,5,26,12,5,7,0.455,0.4,,5.2,2.4,1,1.4
234,1,7,183,4648,2000,553,789,0.374,0.319,0.729,25.4,10.9,3,4.3
235,1,11,256,5304,2031,600,198,0.451,0.404,0.823,20.7,7.9,2.3,0.8
236,2,41,220,5896,3196,1975,946,0.531,0.363,0.83,26.8,14.5,9,4.3
237,2,56,44,457,97,69,29,0.304,0.222,0.375,10.4,2.2,1.6,0.7
238,1,27,317,8833,3158,3151,369,0.614,0,0.631,27.9,10,9.9,1.2
239,1,20,376,10229,4931,1004,856,0.448,0.379,0.804,27.2,13.1,2.7,2.3
240,2,38,69,934,295,169,37,0.35,0.292,0.706,13.5,4.3,2.4,0.5
241,1,22,441,11000,5046,3634,450,0.543,0.1,0.655,24.9,11.4,8.2,1
242,2,49,239,3320,1484,911,78,0.515,0,0.682,13.9,6.2,3.8,0.3
243,1,20,23,98,28,15,18,0.44,,0.5,4.3,1.2,0.7,0.8
244,1,22,863,24075,9321,2475,3937,0.44,0.343,0.855,27.9,10.8,2.9,4.6
245,1,20,878,24539,9940,2595,4508,0.436,0.368,0.81,27.9,11.3,3,5.1
246,1,3,1047,37617,25314,6844,3150,0.449,0.347,0.812,35.9,24.2,6.5,3
247,1,5,172,1946,507,307,114,0.304,0.235,0.73,11.3,2.9,1.8,0.7
248,1,25,86,952,253,77,166,0.352,0.3,0.833,11.1,2.9,0.9,1.9
249,2,33,59,1381,406,162,130,0.393,0.269,0.79,23.4,6.9,2.7,2.2
250,1,26,69,858,262,225,8,0.427,0,0.736,12.4,3.8,3.3,0.1
251,2,53,6,58,18,17,1,0.5,,0,9.7,3,2.8,0.2
252,,,,,,,,,,,,,,
253,1,12,65,1252,461,148,103,0.44,0.394,0.873,19.3,7.1,2.3,1.6
254,1,18,49,327,133,89,19,0.338,0.286,0.611,6.7,2.7,1.8,0.4
255,2,49,9,32,4,3,2,0.1,0,1,3.6,0.4,0.3,0.2
256,1,8,211,4703,1440,718,314,0.367,0.294,0.768,22.3,6.8,3.4,1.5
257,2,38,91,859,295,85,71,0.377,0.304,0.747,9.4,3.2,0.9,0.8
258,2,38,178,4066,1572,469,794,0.388,0.314,0.801,22.8,8.8,2.6,4.5
259,1,8,379,11696,4560,1295,637,0.409,0.346,0.782,30.9,12,3.4,1.7
260,2,37,21,79,22,26,2,0.417,1,0.579,3.8,1,1.2,0.1
261,2,56,24,224,54,14,34,0.316,0.28,0.733,9.3,2.3,0.6,1.4
262,1,9,457,13843,6188,6089,498,0.544,0.185,0.42,30.3,13.5,13.3,1.1
263,2,44,41,407,119,37,26,0.375,0.28,0.724,9.9,2.9,0.9,0.6
264,1,8,382,11939,5820,1277,1629,0.415,0.357,0.812,31.3,15.2,3.3,4.3
265,2,33,356,7794,2326,1026,272,0.418,0.362,0.786,21.9,6.5,2.9,0.8
266,2,52,23,135,46,34,5,0.543,,0.571,5.9,2,1.5,0.2
267,1,15,293,4132,1522,764,212,0.402,0.351,0.778,14.1,5.2,2.6,0.7
268,2,35,83,820,278,82,29,0.384,0.367,0.642,9.9,3.3,1,0.3
269,2,39,554,9997,3402,2215,427,0.455,0.359,0.765,18,6.1,4,0.8
270,2,44,407,7998,3198,1240,473,0.43,0.352,0.797,19.7,7.9,3,1.2
271,1,29,138,2111,810,437,80,0.507,0.333,0.72,15.3,5.9,3.2,0.6
272,1,15,651,17890,8185,1912,2333,0.423,0.3,0.824,27.5,12.6,2.9,3.6
273,1,27,759,20794,8186,2176,1385,0.45,0.387,0.825,27.4,10.8,2.9,1.8
274,2,60,14,166,25,15,17,0.3,0.2,1,11.9,1.8,1.1,1.2
275,1,26,618,11379,3481,2576,266,0.495,0,0.564,18.4,5.6,4.2,0.4
276,2,56,811,17619,5848,4491,986,0.572,0.336,0.669,21.7,7.2,5.5,1.2
277,2,60,30,234,81,29,16,0.37,0.32,0.5,7.8,2.7,1,0.5
278,1,2,468,8638,2813,1971,405,0.46,0,0.574,18.5,6,4.2,0.9
279,1,25,507,11580,4115,1815,887,0.401,0.365,0.758,22.8,8.1,3.6,1.7
280,2,58,13,81,17,8,1,0.471,,0.5,6.2,1.3,0.6,0.1
281,1,23,1017,31576,11272,4332,2406,0.455,0.367,0.756,31,11.1,4.3,2.4
282,1,9,218,3354,1540,485,237,0.424,0.314,0.749,15.4,7.1,2.2,1.1
283,2,38,634,18429,8561,4436,1089,0.458,0.375,0.797,29.1,13.5,7,1.7
284,1,14,167,1863,609,175,310,0.389,0.267,0.728,11.2,3.6,1,1.9
285,2,44,456,6477,2108,1050,465,0.408,0.372,0.861,14.2,4.6,2.3,1
286,,,,,,,,,,,,,,
287,1,30,16,108,25,28,0,0.55,,0.3,6.8,1.6,1.8,0
288,1,30,116,1186,349,303,64,0.551,0.231,0.551,10.2,3,2.6,0.6
289,1,7,456,13823,5918,2258,700,0.452,0.368,0.788,30.3,13,5,1.5
290,1,30,170,2394,712,725,63,0.513,,0.557,14.1,4.2,4.3,0.4
291,2,35,459,12665,4264,3173,2080,0.438,0.328,0.705,27.6,9.3,6.9,4.5
292,2,52,37,164,35,38,8,0.52,,0.6,4.4,0.9,1,0.2
293,1,11,530,17450,10156,1808,1220,0.458,0.422,0.852,32.9,19.2,3.4,2.3
294,2,44,110,1334,408,100,214,0.434,0.182,0.754,12.1,3.7,0.9,1.9
295,1,6,328,5343,1229,1003,230,0.437,0,0.725,16.3,3.7,3.1,0.7
296,1,7,625,21528,14434,2763,4227,0.477,0.436,0.903,34.4,23.1,4.4,6.8
297,1,14,252,3841,1789,1078,187,0.453,0.241,0.74,15.2,7.1,4.3,0.7
298,1,18,715,16601,7026,1448,1205,0.425,0.376,0.841,23.2,9.8,2,1.7
299,2,36,52,433,162,96,14,0.425,,0.578,8.3,3.1,1.8,0.3
300,2,46,16,303,83,53,3,0.451,,0.594,18.9,5.2,3.3,0.2
301,1,9,90,524,186,127,25,0.494,0,0.583,5.8,2.1,1.4,0.3
302,2,38,7,38,10,13,1,0.3,,0.667,5.4,1.4,1.9,0.1
303,1,9,225,2795,1348,689,69,0.509,0.5,0.786,12.4,6,3.1,0.3
304,2,40,833,29011,14858,2874,3856,0.451,0.314,0.772,34.8,17.8,3.5,4.6
305,2,42,17,144,47,36,2,0.605,,0.167,8.5,2.8,2.1,0.1
306,1,11,516,11146,3247,3631,467,0.594,0,0.5,21.6,6.3,7,0.9
307,1,11,557,11950,4629,1723,445,0.425,0.355,0.665,21.5,8.3,3.1,0.8
308,2,40,2,32,4,4,7,0.667,,,16,2,2,3.5
309,1,3,986,27340,11048,4211,2185,0.441,0.377,0.803,27.7,11.2,4.3,2.2
310,1,5,857,29241,14644,4245,2284,0.438,0.37,0.707,34.1,17.1,5,2.7
311,1,14,729,19921,7860,5708,1088,0.445,0.388,0.785,27.3,10.8,7.8,1.5
312,2,31,552,19351,11402,2168,2909,0.421,0.351,0.803,35.1,20.7,3.9,5.3
313,2,55,51,1147,440,189,61,0.389,0,0.667,22.5,8.6,3.7,1.2
314,,,,,,,,,,,,,,
315,2,45,74,2111,745,218,108,0.437,0.363,0.746,28.5,10.1,2.9,1.5
316,2,37,5,52,14,10,3,0.714,,1,10.4,2.8,2,0.6
317,2,43,15,79,19,16,1,0.192,0.133,0.7,5.3,1.3,1.1,0.1
318,1,18,146,2224,771,435,110,0.475,0.282,0.615,15.2,5.3,3,0.8
319,2,32,164,2529,1382,549,136,0.643,0.083,0.625,15.4,8.4,3.3,0.8
320,1,25,222,4978,2349,1801,176,0.63,0,0.478,22.4,10.6,8.1,0.8
321,2,42,28,262,74,39,11,0.347,0.238,0.68,9.4,2.6,1.4,0.4
322,2,34,205,4170,1732,380,370,0.369,0.351,0.839,20.3,8.4,1.9,1.8
323,1,12,350,6520,3186,1141,490,0.443,0.334,0.836,18.6,9.1,3.3,1.4
324,1,16,3,9,0,0,0,0,,,3,0,0,0
325,1,18,232,5557,2429,1330,238,0.501,0.299,0.622,24,10.5,5.7,1
326,1,14,465,12212,5170,2035,709,0.429,0.36,0.729,26.3,11.1,4.4,1.5
327,1,23,265,6235,3058,1480,342,0.414,0.355,0.798,23.5,11.5,5.6,1.3
328,2,38,409,12677,5355,1892,1153,0.466,0.377,0.708,31,13.1,4.6,2.8
329,1,14,552,12616,4031,2412,630,0.454,0.369,0.756,22.9,7.3,4.4,1.1
330,1,25,685,21703,8278,3619,2619,0.434,0.355,0.838,31.7,12.1,5.3,3.8
331,1,26,643,13422,6247,1077,1923,0.413,0.37,0.837,20.9,9.7,1.7,3
332,1,8,802,27867,14408,4700,1773,0.453,0.344,0.795,34.7,18,5.9,2.2
333,2,32,467,5657,2177,591,132,0.437,0.43,0.877,12.1,4.7,1.3,0.3
334,1,24,348,7797,2842,845,747,0.423,0.388,0.773,22.4,8.2,2.4,2.1
335,2,55,16,77,35,3,11,0.483,0.5,1,4.8,2.2,0.2,0.7
336,1,1,486,15818,9247,4494,769,0.524,0.2,0.833,32.5,19,9.2,1.6
337,1,15,317,5628,2252,836,283,0.406,0.375,0.784,17.8,7.1,2.6,0.9
338,2,38,9,35,11,7,5,0.25,0,0.625,3.9,1.2,0.8,0.6
339,1,13,1181,34293,14904,4720,2412,0.464,0.376,0.768,29,12.6,4,2
340,1,18,735,14974,2621,2706,626,0.411,0.206,0.647,20.4,3.6,3.7,0.9
341,1,23,108,699,239,63,24,0.352,0.333,0.6,6.5,2.2,0.6,0.2
342,1,9,592,11733,2293,3665,256,0.552,0,0.557,19.8,3.9,6.2,0.4
343,2,38,619,11213,3052,2307,493,0.481,0.311,0.671,18.1,4.9,3.7,0.8
344,,,,,,,,,,,,,,
345,1,18,49,424,140,76,8,0.471,0.462,0.667,8.7,2.9,1.6,0.2
346,2,47,10,28,13,9,0,0.444,,0.833,2.8,1.3,0.9,0
347,1,20,121,2903,1240,423,369,0.441,0.339,0.712,24,10.2,3.5,3
348,2,50,29,108,27,20,8,0.286,0.077,1,3.7,0.9,0.7,0.3
349,1,11,198,5544,2561,1311,226,0.502,0.354,0.782,28,12.9,6.6,1.1
350,2,43,124,1039,414,128,116,0.393,0.287,0.768,8.4,3.3,1,0.9
351,1,23,253,5895,1592,831,401,0.4,0.334,0.822,23.3,6.3,3.3,1.6
352,1,26,321,5366,1588,1485,154,0.535,,0.545,16.7,4.9,4.6,0.5
353,1,15,407,12364,6654,2511,924,0.495,0.386,0.846,30.4,16.3,6.2,2.3
354,2,42,137,1840,736,247,115,0.44,0.384,0.819,13.4,5.4,1.8,0.8
355,1,10,520,17317,9647,3221,1661,0.432,0.375,0.844,33.3,18.6,6.2,3.2
356,2,40,432,10563,3806,1857,1293,0.448,0.307,0.688,24.5,8.8,4.3,3
357,2,57,5,17,8,2,0,0.8,,,3.4,1.6,0.4,0
358,1,13,428,7233,2881,1808,181,0.439,0.136,0.738,16.9,6.7,4.2,0.4
359,2,52,261,3929,1523,377,567,0.38,0.316,0.742,15.1,5.8,1.4,2.2
360,1,11,552,11829,4700,1173,1555,0.414,0.366,0.824,21.4,8.5,2.1,2.8
361,2,41,45,431,126,106,24,0.435,0,0.684,9.6,2.8,2.4,0.5
362,1,17,314,5368,1769,945,220,0.403,0.339,0.755,17.1,5.6,3,0.7
363,2,45,102,1302,439,275,30,0.517,,0.672,12.8,4.3,2.7,0.3
364,1,17,586,18487,9855,2888,1097,0.434,0.38,0.848,31.5,16.8,4.9,1.9
365,1,29,189,2686,949,549,47,0.53,,0.525,14.2,5,2.9,0.2
366,2,49,709,11098,3717,1276,366,0.401,0.401,0.84,15.7,5.2,1.8,0.5
367,1,14,430,10299,3206,958,990,0.411,0.353,0.809,24,7.5,2.2,2.3
368,2,41,54,468,89,50,56,0.372,0.25,0.393,8.7,1.6,0.9,1
369,1,27,342,6192,2452,1327,179,0.498,0.167,0.701,18.1,7.2,3.9,0.5
370,,,,,,,,,,,,,,
371,1,25,21,107,47,34,3,0.449,0,0.6,5.1,2.2,1.6,0.1
372,2,33,61,681,306,247,19,0.539,,0.769,11.2,5,4,0.3
373,1,28,66,376,132,31,30,0.37,0.333,0.813,5.7,2,0.5,0.5
374,1,25,205,3232,1095,377,164,0.448,0.401,0.791,15.8,5.3,1.8,0.8
375,2,53,41,540,93,176,28,0.513,0,0.481,13.2,2.3,4.3,0.7
376,2,37,24,119,57,24,3,0.393,0.308,0.714,5,2.4,1,0.1
377,2,47,10,45,14,9,5,0.357,,0.444,4.5,1.4,0.9,0.5
378,1,8,580,14321,4342,3397,713,0.424,0.341,0.725,24.7,7.5,5.9,1.2
379,2,54,19,134,37,12,27,0.371,0.333,0.75,7.1,1.9,0.6,1.4
380,1,1,529,18537,11359,4852,2288,0.508,0.324,0.683,35,21.5,9.2,4.3
381,1,7,557,18517,9330,1414,1706,0.43,0.376,0.816,33.2,16.8,2.5,3.1
382,2,35,741,20800,6986,7864,542,0.674,0.091,0.447,28.1,9.4,10.6,0.7
383,1,14,296,8274,3527,1233,353,0.452,0.293,0.747,28,11.9,4.2,1.2
384,2,34,82,702,217,158,32,0.402,0,0.732,8.6,2.6,1.9,0.4
385,2,52,6,18,5,2,1,0.25,0,0.6,3,0.8,0.3,0.2
386,1,12,34,168,39,16,13,0.283,0.25,0.625,4.9,1.1,0.5,0.4
387,2,32,127,1683,431,158,174,0.389,0.295,0.78,13.3,3.4,1.2,1.4
388,1,4,762,16108,4929,1856,2353,0.484,0.186,0.794,21.1,6.5,2.4,3.1
389,2,33,36,433,111,31,51,0.336,0.245,0.625,12,3.1,0.9,1.4
390,1,6,735,19642,8208,5582,921,0.489,0.042,0.743,26.7,11.2,7.6,1.3
391,1,8,628,12474,5150,3076,455,0.541,0,0.643,19.9,8.2,4.9,0.7
392,1,12,375,6005,1992,1215,261,0.46,0,0.625,16,5.3,3.2,0.7
393,2,41,73,569,198,188,11,0.467,0,0.636,7.8,2.7,2.6,0.2
394,1,2,1079,30523,9302,10094,924,0.596,0,0.646,28.3,8.6,9.4,0.9
395,1,3,446,11730,4507,2190,840,0.472,0.168,0.59,26.3,10.1,4.9,1.9
396,1,18,783,20785,8032,3666,1138,0.397,0.355,0.718,26.5,10.3,4.7,1.5
397,2,30,447,11246,3193,1200,1600,0.404,0.344,0.73,25.2,7.1,2.7,3.6
398,,,,,,,,,,,,,,
399,1,2,51,1756,520,357,371,0.359,0.305,0.449,34.4,10.2,7,7.3
400,1,28,9,29,8,11,1,0.273,0,1,3.2,0.9,1.2,0.1
401,1,2,136,4204,1664,621,386,0.437,0.324,0.659,30.9,12.2,4.6,2.8
402,2,32,72,867,390,232,42,0.522,0,0.706,12,5.4,3.2,0.6
403,1,2,183,5110,2680,654,768,0.409,0.346,0.755,27.9,14.6,3.6,4.2
404,1,27,183,3985,1326,1079,216,0.551,0.211,0.688,21.8,7.2,5.9,1.2
405,2,34,40,758,158,103,27,0.324,0.278,0.85,19,4,2.6,0.7
406,1,7,229,6374,3078,2047,589,0.493,0.255,0.712,27.8,13.4,8.9,2.6
407,2,48,163,3125,981,504,215,0.378,0.316,0.797,19.2,6,3.1,1.3
408,2,60,189,2745,787,593,126,0.436,0,0.671,14.5,4.2,3.1,0.7
409,2,41,132,1464,430,126,189,0.384,0.322,0.63,11.1,3.3,1,1.4
410,2,46,49,475,197,34,24,0.393,0.345,0.875,9.7,4,0.7,0.5
411,2,43,63,711,224,122,24,0.385,0.222,0.722,11.3,3.6,1.9,0.4
412,2,58,41,215,81,43,7,0.485,,0.739,5.2,2,1,0.2
413,1,29,394,7511,3009,875,889,0.404,0.354,0.824,19.1,7.6,2.2,2.3
414,2,42,302,8624,2842,1230,1012,0.413,0.376,0.767,28.6,9.4,4.1,3.4
415,2,58,2,23,9,4,1,0.3,0.25,1,11.5,4.5,2,0.5
416,1,19,113,1853,595,276,201,0.442,0.231,0.638,16.4,5.3,2.4,1.8
417,2,40,10,28,6,0,2,0.273,0,,2.8,0.6,0,0.2
418,2,48,711,24010,10787,5465,2369,0.486,0.337,0.779,33.8,15.2,7.7,3.3
419,1,26,504,9840,3888,958,1453,0.423,0.374,0.739,19.5,7.7,1.9,2.9
420,2,51,22,114,22,31,1,0.25,0,0.444,5.2,1,1.4,0
421,1,10,418,10690,4822,3221,490,0.556,0.111,0.69,25.6,11.5,7.7,1.2
422,2,37,473,8020,2209,1757,618,0.533,0,0.636,17,4.7,3.7,1.3
423,2,39,200,2475,1054,234,146,0.42,0.325,0.751,12.4,5.3,1.2,0.7
424,1,27,581,8908,3094,1093,748,0.39,0.367,0.858,15.3,5.3,1.9,1.3
425,1,24,421,5649,2312,1115,252,0.439,0.382,0.783,13.4,5.5,2.6,0.6
426,2,32,564,9685,2649,1588,1317,0.429,0.326,0.715,17.2,4.7,2.8,2.3
427,1,27,72,861,281,88,29,0.383,0.365,0.667,12,3.9,1.2,0.4
428,1,29,453,5335,975,1157,181,0.457,0.063,0.527,11.8,2.2,2.6,0.4
429,,,,,,,,,,,,,,
430,1,14,64,1293,450,359,98,0.514,0,0.71,20.2,7,5.6,1.5
431,1,10,156,4310,1144,815,311,0.408,0.324,0.652,27.6,7.3,5.2,2
432,2,40,178,5156,1821,521,422,0.434,0.38,0.777,29,10.2,2.9,2.4
433,1,26,111,2000,664,266,59,0.343,0.295,0.81,18,6,2.4,0.5
434,2,55,64,973,183,87,130,0.345,0.19,0.548,15.2,2.9,1.4,2
435,1,27,59,729,210,180,12,0.547,,0.667,12.4,3.6,3.1,0.2
436,2,31,311,8306,3727,995,391,0.45,0.376,0.861,26.7,12,3.2,1.3
437,2,32,50,347,116,89,9,0.45,,0.545,6.9,2.3,1.8,0.2
438,2,41,37,397,107,72,16,0.582,,0.518,10.7,2.9,1.9,0.4
439,2,43,483,11299,5750,1348,677,0.425,0.358,0.83,23.4,11.9,2.8,1.4
440,1,2,577,13491,7288,2772,750,0.464,0.351,0.761,23.4,12.6,4.8,1.3
441,2,52,138,1039,308,203,26,0.449,0.235,0.644,7.5,2.2,1.5,0.2
442,1,20,592,9806,3696,2017,439,0.47,0.338,0.78,16.6,6.2,3.4,0.7
443,1,29,51,507,169,99,11,0.469,,0.854,9.9,3.3,1.9,0.2
444,1,19,549,12280,4597,2093,850,0.424,0.365,0.806,22.4,8.4,3.8,1.5
445,2,47,76,879,219,214,12,0.416,,0.678,11.6,2.9,2.8,0.2
446,2,53,42,588,133,85,27,0.293,0.224,0.714,14,3.2,2,0.6
447,1,5,975,33740,22014,4628,5375,0.483,0.288,0.767,34.6,22.6,4.7,5.5
448,2,33,2,5,2,1,0,0.333,,,2.5,1,0.5,0
449,1,10,881,28333,12430,4387,2007,0.434,0.348,0.847,32.2,14.1,5,2.3
450,2,53,809,17219,6092,1934,658,0.403,0.362,0.747,21.3,7.5,2.4,0.8
451,2,49,16,156,32,32,0,0.405,,0.333,9.8,2,2,0
452,2,37,717,12405,5356,1223,1112,0.409,0.39,0.851,17.3,7.5,1.7,1.6
453,2,52,3,21,3,6,0,0.167,,0.25,7,1,2,0
454,,,,,,,,,,,,,,
455,1,17,21,69,19,9,3,0.571,0.4,0.5,3.3,0.9,0.4,0.1
456,2,48,64,979,230,115,47,0.43,0.346,0.693,15.3,3.6,1.8,0.7
457,1,10,128,1767,574,336,69,0.432,0.333,0.676,13.8,4.5,2.6,0.5
458,2,36,121,3386,1377,365,466,0.47,0.393,0.872,28,11.4,3,3.9
459,2,38,125,1951,486,175,153,0.424,0.297,0.758,15.6,3.9,1.4,1.2
460,1,17,139,1671,423,158,75,0.337,0.313,0.692,12,3,1.1,0.5
461,2,46,187,3072,1265,384,211,0.429,0.329,0.801,16.4,6.8,2.1,1.1
462,1,2,174,5356,2653,938,353,0.492,0.348,0.748,30.8,15.2,5.4,2
463,2,31,20,156,36,31,10,0.351,0.231,0.875,7.8,1.8,1.6,0.5
464,2,36,147,1684,509,353,69,0.402,0.36,0.663,11.5,3.5,2.4,0.5
465,2,48,40,435,93,57,45,0.326,0.236,0.72,10.9,2.3,1.4,1.1
466,1,15,386,12618,6590,2874,1459,0.507,0.284,0.746,32.7,17.1,7.4,3.8
467,2,43,28,277,109,38,21,0.336,0.371,0.769,9.9,3.9,1.4,0.8
468,1,14,383,7748,3019,2089,408,0.541,0.091,0.577,20.2,7.9,5.5,1.1
469,2,42,100,1272,345,95,75,0.381,0.394,0.7,12.7,3.5,1,0.8
470,1,10,235,3148,1416,236,323,0.412,0.381,0.876,13.4,6,1,1.4
471,2,40,336,5543,2239,1329,287,0.478,0.335,0.769,16.5,6.7,4,0.9
472,1,15,238,4635,1520,1345,174,0.48,0,0.553,19.5,6.4,5.7,0.7
473,2,37,5,39,4,3,6,0.154,0,,7.8,0.8,0.6,1.2
474,2,44,65,491,180,132,17,0.528,,0.852,7.6,2.8,2,0.3
475,1,10,548,16751,7776,1645,3137,0.388,0.346,0.795,30.6,14.2,3,5.7
476,2,41,523,11911,4880,1096,569,0.418,0.371,0.881,22.8,9.3,2.1,1.1
477,1,8,67,745,282,120,44,0.41,0.34,0.698,11.1,4.2,1.8,0.7
478,2,37,676,15819,4318,2777,583,0.455,0.334,0.662,23.4,6.4,4.1,0.9
479,1,6,272,6038,2148,1339,192,0.404,0.333,0.78,22.2,7.9,4.9,0.7
480,2,56,685,16061,7118,1834,2789,0.434,0.315,0.791,23.4,10.4,2.7,4.1
481,2,39,68,792,184,123,65,0.367,0.321,0.86,11.6,2.7,1.8,1
482,1,1,694,19728,6769,6057,1535,0.535,0.12,0.556,28.4,9.8,8.7,2.2
483,2,36,669,16346,7310,3943,786,0.443,0.366,0.77,24.4,10.9,5.9,1.2
484,1,8,429,11882,4797,1331,2495,0.433,0.289,0.815,27.7,11.2,3.1,5.8
485,2,43,671,14527,4257,1817,866,0.394,0.353,0.716,21.6,6.3,2.7,1.3
486,1,13,89,854,311,131,16,0.437,0.35,0.659,9.6,3.5,1.5,0.2
487,2,34,527,7793,2465,2326,196,0.5,0,0.498,14.8,4.7,4.4,0.4
488,2,42,487,11077,4817,1006,1096,0.414,0.304,0.725,22.7,9.9,2.1,2.3
489,2,48,1,6,4,1,0,0.667,,,6,4,1,0
490,1,15,151,2178,841,443,51,0.455,0.35,0.738,14.4,5.6,2.9,0.3
491,2,43,629,20104,11972,2411,1338,0.447,0.38,0.838,32,19,3.8,2.1
492,2,49,341,5289,1623,567,774,0.417,0.315,0.788,15.5,4.8,1.7,2.3
493,,,,,,,,,,,,,,
494,1,7,61,1848,901,464,70,0.426,0.345,0.867,30.3,14.8,7.6,1.1
495,1,5,130,2858,992,387,498,0.413,0.309,0.69,22,7.6,3,3.8
496,1,1,239,8306,5120,2779,561,0.542,0.389,0.834,34.8,21.4,11.6,2.3
497,2,36,30,225,63,57,4,0.467,,0.724,7.5,2.1,1.9,0.1
498,1,13,230,6601,3218,696,738,0.437,0.373,0.82,28.7,14,3,3.2
499,2,40,164,2398,711,374,96,0.444,0.369,0.705,14.6,4.3,2.3,0.6
500,2,44,113,1794,584,234,132,0.38,0.295,0.781,15.9,5.2,2.1,1.2
501,1,9,296,7169,3186,622,1088,0.403,0.34,0.792,24.2,10.8,2.1,3.7
502,1,26,295,6651,1356,1188,257,0.482,0.257,0.467,22.5,4.6,4,0.9
503,2,52,76,948,227,115,154,0.368,0.149,0.684,12.5,3,1.5,2
504,2,58,98,1397,379,266,50,0.418,0.343,0.867,14.3,3.9,2.7,0.5
505,1,2,428,8864,3809,1693,293,0.434,0.3,0.71,20.7,8.9,4,0.7
506,1,20,248,4553,1826,949,268,0.469,0.3,0.6,18.4,7.4,3.8,1.1
507,1,4,563,12822,4076,1841,614,0.406,0.337,0.744,22.8,7.2,3.3,1.1
508,1,16,378,5299,1815,842,222,0.41,0.406,0.747,14,4.8,2.2,0.6
509,1,23,525,10777,3640,2905,559,0.516,0.311,0.633,20.5,6.9,5.5,1.1
510,2,56,33,157,20,25,3,0.467,,0.462,4.8,0.6,0.8,0.1
511,1,5,423,13305,4545,1813,3366,0.382,0.32,0.834,31.5,10.7,4.3,8
512,1,6,163,3738,1504,307,634,0.4,0.338,0.809,22.9,9.2,1.9,3.9
513,1,18,551,16088,6977,1506,3316,0.46,0.359,0.77,29.2,12.7,2.7,6
514,1,28,584,12227,4654,1294,637,0.411,0.381,0.85,20.9,8,2.2,1.1
515,2,45,129,2011,590,243,353,0.441,0.288,0.581,15.6,4.6,1.9,2.7
516,1,3,547,16919,7574,1706,1607,0.429,0.373,0.82,30.9,13.8,3.1,2.9
517,2,31,271,6744,3405,1807,199,0.518,,0.76,24.9,12.6,6.7,0.7
518,2,34,641,17158,5703,1574,2401,0.417,0.351,0.793,26.8,8.9,2.5,3.7
519,1,7,776,18043,6874,2175,1198,0.425,0.283,0.714,23.3,8.9,2.8,1.5
520,2,41,70,780,135,194,25,0.483,,0.605,11.1,1.9,2.8,0.4
521,1,6,326,11561,6136,1388,1517,0.459,0.348,0.8,35.5,18.8,4.3,4.7
522,2,36,403,6826,3080,1567,322,0.553,0.037,0.661,16.9,7.6,3.9,0.8
523,2,37,91,867,288,149,44,0.442,0.306,0.685,9.5,3.2,1.6,0.5
524,1,14,249,5037,2479,506,331,0.431,0.368,0.741,20.2,10,2,1.3
525,2,47,26,325,129,39,20,0.405,0.324,0.794,12.5,5,1.5,0.8
526,1,26,19,86,40,19,4,0.486,0,0.462,4.5,2.1,1,0.2
527,2,46,215,2428,555,682,74,0.419,0.143,0.642,11.3,2.6,3.2,0.3
528,2,51,42,244,78,17,33,0.379,0.417,0.806,5.8,1.9,0.4,0.8
529,,,,,,,,,,,,,,
530,2,40,51,671,165,117,34,0.374,0.275,0.8,13.2,3.2,2.3,0.7
531,1,6,154,3675,1818,544,252,0.434,0.406,0.866,23.9,11.8,3.5,1.6
532,2,40,7,24,10,6,0,0.231,,1,3.4,1.4,0.9,0
533,2,56,6,29,5,4,0,0.4,,1,4.8,0.8,0.7,0
534,1,6,220,5732,2058,1590,317,0.512,0.25,0.625,26.1,9.4,7.2,1.4
535,1,1,402,13967,9385,4145,742,0.518,0.309,0.795,34.7,23.3,10.3,1.8
536,1,10,400,9630,3739,812,945,0.42,0.356,0.651,24.1,9.3,2,2.4
537,2,46,176,3196,891,277,191,0.437,0.4,0.864,18.2,5.1,1.6,1.1
538,2,45,75,888,265,227,26,0.438,0.347,0.629,11.8,3.5,3,0.3
539,1,11,337,3386,1050,1129,182,0.527,,0.738,10,3.1,3.4,0.5
540,1,21,624,18451,7924,1635,3044,0.472,0.39,0.854,29.6,12.7,2.6,4.9
541,1,27,503,8945,3282,1768,409,0.444,0.352,0.765,17.8,6.5,3.5,0.8
542,1,13,231,3049,907,531,182,0.499,0.262,0.584,13.2,3.9,2.3,0.8
543,1,12,292,3378,880,766,102,0.501,0.286,0.582,11.6,3,2.6,0.3
544,1,15,75,705,163,141,14,0.409,,0.39,9.4,2.2,1.9,0.2
545,2,43,26,172,50,19,7,0.457,0.421,0.556,6.6,1.9,0.7,0.3
546,1,4,887,31338,16604,3980,8672,0.472,0.372,0.868,35.3,18.7,4.5,9.8
547,2,33,758,16410,6575,3448,608,0.499,0.207,0.832,21.6,8.7,4.5,0.8
548,1,18,951,25763,11981,3025,2042,0.419,0.373,0.732,27.1,12.6,3.2,2.1
549,1,18,1025,29023,13986,6567,2254,0.495,0.265,0.817,28.3,13.6,6.4,2.2
550,2,48,11,55,11,11,2,0.444,,0.6,5,1,1,0.2
551,,,,,,,,,,,,,,
552,1,8,72,1513,410,153,224,0.361,0.314,0.721,21,5.7,2.1,3.1
553,2,44,38,327,112,53,22,0.415,0.311,0.714,8.6,2.9,1.4,0.6
554,1,4,186,5764,3312,1317,248,0.437,0.36,0.804,31,17.8,7.1,1.3
555,2,34,56,801,241,123,42,0.346,0.263,0.75,14.3,4.3,2.2,0.8
556,2,51,2,6,6,1,0,0.75,0,,3,3,0.5,0
557,1,24,334,8326,4035,794,569,0.426,0.344,0.808,24.9,12.1,2.4,1.7
558,2,48,69,1089,249,158,101,0.354,0.297,0.688,15.8,3.6,2.3,1.5
559,1,17,384,9737,2799,1316,721,0.396,0.338,0.763,25.4,7.3,3.4,1.9
560,2,38,5,24,8,1,3,0.429,0.25,0.5,4.8,1.6,0.2,0.6
561,2,39,255,6010,1731,1092,419,0.473,0.332,0.666,23.6,6.8,4.3,1.6
562,1,8,409,7692,3232,2389,322,0.497,0.136,0.699,18.8,7.9,5.8,0.8
563,1,6,479,14937,7356,2244,938,0.419,0.367,0.865,31.2,15.4,4.7,2
564,1,23,583,18144,7903,3170,1073,0.445,0.341,0.769,31.1,13.6,5.4,1.8
565,1,20,221,3064,894,769,132,0.51,0.172,0.542,13.9,4,3.5,0.6
566,1,29,189,2771,742,336,327,0.38,0.299,0.599,14.7,3.9,1.8,1.7
567,1,8,847,19299,7612,3925,834,0.442,0.388,0.823,22.8,9,4.6,1
568,1,30,829,24293,11232,7320,1825,0.535,0.034,0.772,29.3,13.5,8.8,2.2
569,2,54,16,93,45,19,3,0.425,0.308,0.875,5.8,2.8,1.2,0.2
570,2,43,936,27632,9869,4492,1946,0.425,0.354,0.723,29.5,10.5,4.8,2.1
571,1,9,233,3610,1516,1045,145,0.485,0,0.689,15.5,6.5,4.5,0.6
572,2,30,64,632,215,142,22,0.407,0.25,0.676,9.9,3.4,2.2,0.3
573,2,39,1,3,0,0,0,0,,,3,0,0,0
574,1,7,919,24630,10737,5687,1689,0.549,0.14,0.661,26.8,11.7,6.2,1.8
575,1,22,205,3318,1150,827,161,0.46,0.1,0.659,16.2,5.6,4,0.8
576,2,39,61,446,195,45,13,0.335,0.25,0.795,7.3,3.2,0.7,0.2
577,,,,,,,,,,,,,,
578,1,21,57,708,168,43,16,0.412,0.317,0.9,12.4,2.9,0.8,0.3
579,1,14,104,1513,587,173,229,0.388,0.331,0.75,14.5,5.6,1.7,2.2
580,2,48,29,159,55,34,8,0.564,,0.55,5.5,1.9,1.2,0.3
581,1,21,52,557,227,183,17,0.527,0,0.58,10.7,4.4,3.5,0.3
582,1,29,73,1054,183,179,23,0.347,0.309,0.217,14.4,2.5,2.5,0.3
583,1,12,380,9620,3318,2622,332,0.586,0,0.571,25.3,8.7,6.9,0.9
584,1,29,165,2396,1040,331,206,0.429,0.236,0.7,14.5,6.3,2,1.2
585,2,32,137,2084,732,192,67,0.396,0.385,0.886,15.2,5.3,1.4,0.5
586,1,28,143,1675,488,252,54,0.42,0.293,0.66,11.7,3.4,1.8,0.4
587,1,26,302,5238,1511,594,239,0.419,0.357,0.738,17.3,5,2,0.8
588,1,3,681,23029,15647,3447,4104,0.443,0.364,0.855,33.8,23,5.1,6
589,1,25,182,2896,1286,338,374,0.439,0.325,0.81,15.9,7.1,1.9,2.1
590,1,4,741,25428,17009,4857,6034,0.435,0.311,0.814,34.3,23,6.6,8.1
591,1,24,672,19415,8087,4840,437,0.512,0.363,0.762,28.9,12,7.2,0.7
592,2,32,8,20,8,3,0,0.364,0,0,2.5,1,0.4,0
593,2,56,25,95,23,26,3,0.529,,0.455,3.8,0.9,1,0.1
594,1,2,763,28357,20715,5438,2984,0.49,0.384,0.882,37.2,27.1,7.1,3.9
595,2,31,513,11524,5541,2533,355,0.535,0.3,0.785,22.5,10.8,4.9,0.7
596,2,35,514,10865,4111,2236,457,0.447,0.182,0.7,21.1,8,4.4,0.9
597,1,10,47,260,103,75,1,0.427,,0.589,5.5,2.2,1.6,0
598,1,25,473,7262,2202,1836,227,0.462,0.154,0.678,15.4,4.7,3.9,0.5
599,2,48,145,2348,670,330,115,0.47,0.316,0.815,16.2,4.6,2.3,0.8
600,2,55,87,1150,334,310,35,0.452,0,0.688,13.2,3.8,3.6,0.4
601,1,12,97,1500,416,376,20,0.506,,0.61,15.5,4.3,3.9,0.2
602,2,35,14,73,20,8,1,0.462,0,0.615,5.2,1.4,0.6,0.1
603,1,12,908,18600,5358,4700,939,0.534,0.208,0.725,20.5,5.9,5.2,1
604,1,14,830,21623,7740,1877,3713,0.431,0.349,0.862,26.1,9.3,2.3,4.5
605,2,41,731,14783,6059,1303,1018,0.425,0.346,0.765,20.2,8.3,1.8,1.4
606,1,12,737,16164,5879,2784,998,0.415,0.378,0.758,21.9,8,3.8,1.4
607,2,40,878,19494,5593,1985,3871,0.411,0.324,0.703,22.2,6.4,2.3,4.4
608,2,42,466,11513,4189,1791,710,0.437,0.396,0.823,24.7,9,3.8,1.5
609,1,17,643,19641,7767,2863,1049,0.449,0.26,0.74,30.5,12.1,4.5,1.6
610,2,42,93,587,127,196,11,0.495,,0.659,6.3,1.4,2.1,0.1
611,,,,,,,,,,,,,,
612,1,6,25,494,126,91,15,0.38,0.342,0.714,19.8,5,3.6,0.6
613,2,33,55,819,184,118,48,0.436,0.182,0.778,14.9,3.3,2.1,0.9
614,2,35,29,338,129,98,22,0.589,,0.773,11.7,4.4,3.4,0.8
615,1,11,147,3261,1248,809,217,0.464,0.328,0.717,22.2,8.5,5.5,1.5
616,2,41,19,108,23,35,4,0.323,,0.6,5.7,1.2,1.8,0.2
617,2,47,66,402,108,38,21,0.286,0.243,0.75,6.1,1.6,0.6,0.3
618,1,5,210,3756,1392,555,255,0.418,0.328,0.835,17.9,6.6,2.6,1.2
619,1,4,255,6637,2894,1504,431,0.455,0.311,0.7,26,11.3,5.9,1.7
620,1,12,153,4297,2113,1002,367,0.433,0.358,0.821,28.1,13.8,6.5,2.4
621,1,2,359,11990,6197,1624,1362,0.442,0.35,0.802,33.4,17.3,4.5,3.8
622,1,19,285,4080,1700,857,126,0.467,0.321,0.773,14.3,6,3,0.4
623,2,49,392,5871,2246,1865,521,0.518,0.206,0.743,15,5.7,4.8,1.3
624,2,53,173,1890,346,252,119,0.408,0.355,0.549,10.9,2,1.5,0.7
625,1,29,51,542,143,126,24,0.485,0,0.597,10.6,2.8,2.5,0.5
626,1,22,749,21058,7468,2028,1299,0.451,0.388,0.856,28.1,10,2.7,1.7
627,1,11,752,19044,9234,1480,1459,0.448,0.414,0.89,25.3,12.3,2,1.9
628,2,41,27,156,42,33,4,0.514,,0.5,5.8,1.6,1.2,0.1
629,2,38,179,2660,854,243,432,0.388,0.353,0.847,14.9,4.8,1.4,2.4
630,2,44,6,9,0,4,0,0,,,1.5,0,0.7,0
631,1,1,1028,35557,17885,13005,1523,0.583,0.095,0.566,34.6,17.4,12.7,1.5
632,2,30,627,15051,4561,4511,734,0.51,0.024,0.631,24,7.3,7.2,1.2
633,2,36,81,789,186,49,104,0.387,0.235,0.571,9.7,2.3,0.6,1.3
634,1,15,71,605,123,53,50,0.324,0.269,0.606,8.5,1.7,0.7,0.7
635,2,42,1023,21293,7128,6034,1337,0.47,0,0.749,20.8,7,5.9,1.3
636,1,18,83,1117,258,278,64,0.421,0,0.742,13.5,3.1,3.3,0.8
637,1,15,400,5993,1817,1264,79,0.56,0,0.485,15,4.5,3.2,0.2
638,1,22,82,1061,204,191,67,0.303,0.295,0.687,12.9,2.5,2.3,0.8
639,2,32,22,213,37,13,46,0.333,0,0.5,9.7,1.7,0.6,2.1
640,1,5,1032,27812,10973,4376,2666,0.459,0.407,0.769,26.9,10.6,4.2,2.6
641,1,10,728,14134,5067,964,1601,0.416,0.349,0.799,19.4,7,1.3,2.2
642,1,13,187,4067,1690,409,227,0.422,0.339,0.813,21.7,9,2.2,1.2
643,,,,,,,,,,,,,,
644,1,1,5,90,34,13,15,0.35,,0.5,18,6.8,2.6,3
645,2,39,47,776,231,84,100,0.352,0.278,0.776,16.5,4.9,1.8,2.1
646,2,46,47,692,205,132,21,0.419,0.37,0.864,14.7,4.4,2.8,0.4
647,1,1,72,2464,1141,575,577,0.536,0,0.57,34.2,15.8,8,8
648,1,24,121,1997,744,221,129,0.39,0.323,0.834,16.5,6.1,1.8,1.1
649,1,26,9,56,15,8,3,0.25,0.25,0.5,6.2,1.7,0.9,0.3
650,1,3,130,3061,1679,693,135,0.513,0.111,0.682,23.5,12.9,5.3,1
651,2,35,113,1698,765,626,123,0.532,0.292,0.674,15,6.8,5.5,1.1
652,2,37,147,2455,1066,612,137,0.537,0.26,0.693,16.7,7.3,4.2,0.9
653,1,3,93,2689,2067,930,265,0.479,0.328,0.774,28.9,22.2,10,2.8
654,1,10,300,8854,3352,1271,1923,0.457,0.298,0.619,29.5,11.2,4.2,6.4
655,2,32,148,2092,782,324,95,0.412,0.29,0.776,14.1,5.3,2.2,0.6
656,2,39,296,6487,2205,1061,315,0.44,0.299,0.634,21.9,7.4,3.6,1.1
657,2,47,27,131,53,15,19,0.319,0.188,0.769,4.9,2,0.6,0.7
658,1,11,287,7893,3292,1357,1393,0.402,0.25,0.707,27.5,11.5,4.7,4.9
659,2,35,16,152,43,24,9,0.269,0.25,0.692,9.5,2.7,1.5,0.6
660,2,42,8,84,35,9,19,0.333,0.273,0.857,10.5,4.4,1.1,2.4
661,1,15,415,9542,3031,1488,363,0.474,0.33,0.607,23,7.3,3.6,0.9
662,2,45,113,1961,687,403,91,0.464,0.309,0.798,17.4,6.1,3.6,0.8
663,2,54,45,247,59,39,17,0.451,0.125,0.5,5.5,1.3,0.9,0.4
664,1,16,449,13417,6660,4401,975,0.5,0.318,0.727,29.9,14.8,9.8,2.2
665,2,50,388,6905,1847,1843,384,0.471,0.133,0.682,17.8,4.8,4.8,1
666,1,2,604,16813,6180,2888,2124,0.432,0.3,0.787,27.8,10.2,4.8,3.5
667,1,17,577,18909,8577,2122,3572,0.448,0.361,0.787,32.8,14.9,3.7,6.2
668,1,16,703,10612,5578,2871,458,0.459,0.357,0.798,15.1,7.9,4.1,0.7
669,1,12,813,25001,10940,4823,1275,0.499,0.327,0.676,30.8,13.5,5.9,1.6
670,1,21,328,5993,2114,703,243,0.369,0.359,0.813,18.3,6.4,2.1,0.7
671,2,38,135,1107,305,269,40,0.496,0,0.41,8.2,2.3,2,0.3
672,1,13,778,18017,4712,3036,1144,0.449,0.347,0.737,23.2,6.1,3.9,1.5
673,2,45,854,20797,11677,1821,2668,0.42,0.348,0.833,24.4,13.7,2.1,3.1
674,1,9,1037,35389,13052,5367,4595,0.465,0.334,0.713,34.1,12.6,5.2,4.4
675,1,16,247,4596,1519,602,375,0.403,0.343,0.752,18.6,6.1,2.4,1.5
676,1,26,886,21646,6814,6942,465,0.521,0.083,0.706,24.4,7.7,7.8,0.5
677,2,37,39,351,108,52,19,0.336,0.286,0.667,9,2.8,1.3,0.5
678,2,57,23,126,26,36,3,0.4,,0.5,5.5,1.1,1.6,0.1
679,1,20,334,8548,3096,830,1441,0.409,0.193,0.762,25.6,9.3,2.5,4.3
680,,,,,,,,,,,,,,
681,1,4,72,1784,895,323,105,0.417,0.26,0.624,24.8,12.4,4.5,1.5
682,2,32,16,171,43,28,8,0.283,0.296,0.833,10.7,2.7,1.8,0.5
683,2,54,13,110,27,20,8,0.25,0.194,1,8.5,2.1,1.5,0.6
684,1,4,118,2437,603,410,143,0.367,0.338,0.691,20.7,5.1,3.5,1.2
685,1,13,38,473,158,122,29,0.51,0,0.857,12.4,4.2,3.2,0.8
686,1,28,89,1749,777,424,91,0.482,0.396,0.757,19.7,8.7,4.8,1
687,2,34,125,2534,889,200,483,0.401,0.267,0.796,20.3,7.1,1.6,3.9
688,1,13,208,6703,4120,680,721,0.426,0.365,0.849,32.2,19.8,3.3,3.5
689,2,44,128,2800,958,267,375,0.378,0.302,0.771,21.9,7.5,2.1,2.9
690,1,14,218,5874,2982,904,229,0.5,0.283,0.754,26.9,13.7,4.1,1.1
691,1,18,177,2141,700,219,325,0.415,0.319,0.756,12.1,4,1.2,1.8
692,1,27,70,1929,815,198,232,0.444,0.39,0.856,27.6,11.6,2.8,3.3
693,1,5,331,6553,2365,2141,249,0.483,0.227,0.711,19.8,7.1,6.5,0.8
694,1,30,24,142,26,15,13,0.205,0.167,0.875,5.9,1.1,0.6,0.5
695,1,13,160,3083,802,253,779,0.399,0.37,0.611,19.3,5,1.6,4.9
696,1,13,512,13552,6081,2879,880,0.451,0.339,0.778,26.5,11.9,5.6,1.7
697,2,46,1,2,0,0,0,,,,2,0,0,0
698,1,14,261,3630,1138,778,134,0.403,0.328,0.664,13.9,4.4,3,0.5
699,2,48,8,32,10,2,1,0.4,0,0.5,4,1.3,0.3,0.1
700,1,15,690,15995,6220,3749,549,0.526,0.211,0.761,23.2,9,5.4,0.8
701,2,48,62,472,149,77,29,0.512,0.167,0.514,7.6,2.4,1.2,0.5
702,1,24,249,5965,2254,608,554,0.399,0.36,0.84,24,9.1,2.4,2.2
703,1,29,51,426,211,49,16,0.423,0.294,0.783,8.4,4.1,1,0.3
704,2,59,33,270,73,28,30,0.315,0.24,0.474,8.2,2.2,0.8,0.9
705,1,21,772,24550,8081,3714,6534,0.463,0.309,0.606,31.8,10.5,4.8,8.5
706,1,27,353,5281,1747,525,1183,0.409,0.337,0.739,15,4.9,1.5,3.4
707,1,21,618,13878,6807,1446,1826,0.423,0.36,0.796,22.5,11,2.3,3
708,2,57,750,19715,7644,6077,835,0.552,0.15,0.678,26.3,10.2,8.1,1.1
709,1,7,880,30549,13204,5395,2024,0.455,0.332,0.77,34.7,15,6.1,2.3
710,1,17,150,1550,640,312,85,0.427,0.273,0.733,10.3,4.3,2.1,0.6
711,1,9,846,26254,15994,6632,1050,0.537,0.236,0.761,31,18.9,7.8,1.2
712,1,22,287,5320,1488,516,304,0.393,0.352,0.769,18.5,5.2,1.8,1.1
713,2,51,73,524,186,124,11,0.507,,0.697,7.2,2.5,1.7,0.2
714,1,25,315,5005,1497,1238,101,0.49,0,0.657,15.9,4.8,3.9,0.3
715,,,,,,,,,,,,,,
716,1,15,60,1267,400,159,60,0.461,0.318,0.706,21.1,6.7,2.7,1
717,1,26,21,148,43,38,10,0.37,0.167,0.615,7,2,1.8,0.5
718,1,23,167,4067,1709,1006,342,0.458,0.238,0.763,24.4,10.2,6,2
719,1,10,332,9620,5694,971,949,0.456,0.413,0.843,29,17.2,2.9,2.9
720,2,39,206,2072,666,518,64,0.525,0.143,0.716,10.1,3.2,2.5,0.3
721,2,40,8,51,16,9,3,0.269,0.067,1,6.4,2,1.1,0.4
722,1,6,462,16808,10634,1886,2876,0.432,0.369,0.884,36.4,23,4.1,6.2
723,1,11,326,5167,1803,1222,259,0.466,0.373,0.824,15.8,5.5,3.7,0.8
724,2,40,387,8701,3968,1474,879,0.433,0.341,0.789,22.5,10.3,3.8,2.3
725,2,41,61,491,174,33,57,0.354,0.36,0.684,8,2.9,0.5,0.9
726,1,21,84,829,277,83,97,0.371,0.26,0.714,9.9,3.3,1,1.2
727,1,22,109,1470,537,161,94,0.421,0.31,0.669,13.5,4.9,1.5,0.9
728,2,34,47,401,157,49,56,0.458,0.4,0.679,8.5,3.3,1,1.2
729,1,22,80,1072,258,178,56,0.398,0.293,0.585,13.4,3.2,2.2,0.7
730,2,33,644,13812,3890,2453,450,0.469,0.335,0.644,21.4,6,3.8,0.7
731,2,38,150,1570,320,472,49,0.488,0,0.618,10.5,2.1,3.1,0.3
732,2,55,515,9336,4184,812,1158,0.432,0.391,0.846,18.1,8.1,1.6,2.2
733,1,13,481,10564,3250,1413,468,0.426,0.402,0.706,22,6.8,2.9,1
734,2,33,130,1488,344,513,55,0.534,0,0.375,11.4,2.6,3.9,0.4
735,2,36,467,9155,2475,3352,279,0.528,0,0.551,19.6,5.3,7.2,0.6
736,2,55,51,771,289,87,106,0.412,0.325,0.691,15.1,5.7,1.7,2.1
737,1,1,105,2028,840,656,51,0.574,,0.658,19.3,8,6.2,0.5
738,2,37,433,8271,2333,1686,901,0.463,0.34,0.705,19.1,5.4,3.9,2.1
739,2,42,2,37,10,11,1,0.273,0,1,18.5,5,5.5,0.5
740,2,52,17,74,27,10,11,0.28,0.182,0.917,4.4,1.6,0.6,0.6
741,2,53,18,58,22,7,2,0.281,0.2,0.5,3.2,1.2,0.4,0.1
742,1,4,402,7932,3093,1938,347,0.438,0.235,0.732,19.7,7.7,4.8,0.9
743,1,30,151,1821,477,518,65,0.459,0,0.728,12.1,3.2,3.4,0.4
744,2,31,67,583,182,68,35,0.438,0.34,0.676,8.7,2.7,1,0.5
745,1,6,580,13914,5056,1811,588,0.418,0.382,0.791,24,8.7,3.1,1
746,1,27,409,8185,3561,1470,321,0.435,0.335,0.763,20,8.7,3.6,0.8
747,1,13,564,12149,4183,898,1960,0.39,0.319,0.777,21.5,7.4,1.6,3.5
748,1,23,26,343,77,52,19,0.333,0.265,0.714,13.2,3,2,0.7
749,2,46,46,316,70,67,3,0.519,,0.5,6.9,1.5,1.5,0.1
750,1,23,622,13026,5273,1974,514,0.423,0.337,0.744,20.9,8.5,3.2,0.8
751,1,21,167,2060,691,385,105,0.452,0.357,0.603,12.3,4.1,2.3,0.6
752,1,19,1116,34616,18578,10208,2049,0.471,0.273,0.764,31,16.6,9.1,1.8
753,2,50,44,276,43,57,6,0.368,,0.556,6.3,1,1.3,0.1
754,1,28,27,266,77,21,40,0.356,0.267,0.9,9.9,2.9,0.8,1.5
755,,,,,,,,,,,,,,
756,1,5,65,1777,743,166,275,0.417,0.323,0.718,27.3,11.4,2.6,4.2
757,1,10,57,881,242,194,42,0.396,0.326,0.629,15.5,4.2,3.4,0.7
758,2,34,46,878,373,114,133,0.396,0.377,0.822,19.1,8.1,2.5,2.9
759,1,8,149,3122,1234,689,137,0.435,0.315,0.604,21,8.3,4.6,0.9
760,1,6,206,4643,1868,1136,266,0.517,0.188,0.647,22.5,9.1,5.5,1.3
761,1,8,261,5552,1834,549,422,0.386,0.349,0.805,21.3,7,2.1,1.6
762,1,7,342,8365,3081,864,395,0.417,0.353,0.783,24.5,9,2.5,1.2
763,2,36,154,2808,920,306,368,0.408,0.335,0.711,18.2,6,2,2.4
764,1,5,313,4204,1528,1507,190,0.47,0,0.505,13.4,4.9,4.8,0.6
765,2,36,103,1112,329,180,69,0.358,0.311,0.727,10.8,3.2,1.7,0.7
766,1,7,520,10911,2583,3363,246,0.513,0,0.566,21,5,6.5,0.5
767,2,35,24,120,28,24,9,0.314,0.2,0.714,5,1.2,1,0.4
768,2,60,473,14076,8923,1207,2430,0.439,0.361,0.877,29.8,18.9,2.6,5.1
769,1,5,535,17307,11518,5884,1725,0.46,0.338,0.737,32.3,21.5,11,3.2
770,2,33,264,7106,3612,3028,138,0.578,1,0.624,26.9,13.7,11.5,0.5
771,1,4,525,16840,8641,2519,2686,0.445,0.318,0.759,32.1,16.5,4.8,5.1
772,1,23,552,11439,4416,2240,636,0.451,0.369,0.678,20.7,8,4.1,1.2
773,2,31,237,2322,690,632,99,0.553,0.4,0.776,9.8,2.9,2.7,0.4
774,1,12,588,14819,5210,3880,635,0.496,0.143,0.657,25.2,8.9,6.6,1.1
775,2,42,37,303,90,35,29,0.365,0.4,0.857,8.2,2.4,0.9,0.8
776,2,43,7,19,3,2,2,0,0,0.75,2.7,0.4,0.3,0.3
777,1,10,684,15541,5932,3893,1271,0.457,0.35,0.716,22.7,8.7,5.7,1.9
778,1,19,143,1535,588,152,93,0.389,0.312,0.884,10.7,4.1,1.1,0.7
779,1,23,549,11853,4323,1400,747,0.427,0.357,0.799,21.6,7.9,2.6,1.4
780,1,26,714,21559,12396,2278,1352,0.437,0.384,0.87,30.2,17.4,3.2,1.9
781,1,28,300,4617,1745,405,752,0.401,0.341,0.831,15.4,5.8,1.4,2.5
782,2,58,10,110,27,25,3,0.323,,0.583,11,2.7,2.5,0.3
783,1,25,832,24731,9933,4838,1725,0.469,0.312,0.709,29.7,11.9,5.8,2.1
784,1,16,997,26695,11022,3971,2832,0.426,0.384,0.784,26.8,11.1,4,2.8
785,2,45,108,1063,329,178,66,0.413,0.125,0.69,9.8,3,1.6,0.6
786,,,,,,,,,,,,,,
787,1,29,17,139,54,26,9,0.485,0.615,0.7,8.2,3.2,1.5,0.5
788,1,29,111,1851,697,451,254,0.443,0.346,0.701,16.7,6.3,4.1,2.3
789,1,30,249,4399,1192,896,425,0.473,0.328,0.74,17.7,4.8,3.6,1.7
790,2,58,59,579,260,61,44,0.404,0.384,0.774,9.8,4.4,1,0.7
791,2,60,58,581,205,161,16,0.444,0.125,0.583,10,3.5,2.8,0.3
792,1,29,438,9102,3075,1068,1138,0.451,0.33,0.765,20.8,7,2.4,2.6
793,1,20,247,4320,1422,560,291,0.411,0.321,0.755,17.5,5.8,2.3,1.2
794,2,37,424,7054,2865,2153,349,0.524,0,0.608,16.6,6.8,5.1,0.8
795,2,53,119,1414,453,211,203,0.429,0.363,0.835,11.9,3.8,1.8,1.7
796,1,26,661,19058,7676,2098,2179,0.454,0.384,0.8,28.8,11.6,3.2,3.3
797,2,45,716,20061,9841,2173,3450,0.468,0.363,0.761,28,13.7,3,4.8
798,1,28,355,6812,2816,1779,423,0.555,0.143,0.697,19.2,7.9,5,1.2
799,2,33,13,39,14,12,3,0.318,,,3,1.1,0.9,0.2
800,2,59,30,170,51,31,6,0.365,0.375,0.636,5.7,1.7,1,0.2
801,1,28,539,8945,2765,2332,278,0.543,0,0.608,16.6,5.1,4.3,0.5
802,1,28,831,18185,6952,1712,2858,0.463,0.349,0.833,21.9,8.4,2.1,3.4
803,1,28,850,18386,9035,1720,1775,0.459,0.387,0.821,21.6,10.6,2,2.1
804,1,26,895,23672,8292,2603,2183,0.431,0.366,0.799,26.4,9.3,2.9,2.4
805,2,56,743,19001,8882,4941,1194,0.493,0.339,0.74,25.6,12,6.7,1.6
806,2,57,4,11,2,1,0,1,,,2.8,0.5,0.3,0
807,1,28,1190,37145,18904,3306,6812,0.493,0.325,0.752,31.2,15.9,2.8,5.7
808,,,,,,,,,,,,,,
809,1,23,66,1321,377,155,52,0.458,0.356,0.636,20,5.7,2.3,0.8
810,1,9,128,1982,657,513,67,0.624,0.5,0.57,15.5,5.1,4,0.5
811,1,27,128,2357,767,517,154,0.51,0.215,0.652,18.4,6,4,1.2
812,1,20,115,1943,752,255,264,0.459,0.362,0.796,16.9,6.5,2.2,2.3
813,1,20,31,173,43,29,9,0.274,0.214,0.75,5.6,1.4,0.9,0.3
814,1,8,409,9768,3929,1083,397,0.422,0.371,0.797,23.9,9.6,2.6,1
815,2,37,320,5139,1566,1134,204,0.446,0.349,0.761,16.1,4.9,3.5,0.6
816,1,5,433,11056,5046,3684,318,0.558,0.429,0.785,25.5,11.7,8.5,0.7
817,1,13,554,11426,3677,3608,435,0.565,0,0.579,20.6,6.6,6.5,0.8
818,1,9,668,22764,13167,2711,2036,0.448,0.289,0.827,34.1,19.7,4.1,3
819,1,17,662,16389,6611,4173,885,0.465,0.25,0.755,24.8,10,6.3,1.3
820,1,1,550,15806,7873,2541,653,0.439,0.354,0.824,28.7,14.3,4.6,1.2
821,2,35,492,13695,3640,2793,717,0.427,0.356,0.749,27.8,7.4,5.7,1.5
822,1,7,656,13578,6808,3019,549,0.435,0.341,0.772,20.7,10.4,4.6,0.8
823,1,16,377,6117,2239,1058,207,0.483,0.3,0.815,16.2,5.9,2.8,0.5
824,2,41,85,987,341,78,165,0.387,0.189,0.746,11.6,4,0.9,1.9
825,2,58,20,72,38,14,1,0.538,0.5,0.692,3.6,1.9,0.7,0.1
826,1,8,139,1585,389,395,41,0.405,0.25,0.679,11.4,2.8,2.8,0.3
827,1,4,893,31936,17189,7592,1795,0.494,0.335,0.799,35.8,19.2,8.5,2
828,1,20,346,5956,2213,572,353,0.4,0.358,0.703,17.2,6.4,1.7,1
829,1,17,173,2016,483,591,93,0.477,0.143,0.511,11.7,2.8,3.4,0.5
830,1,21,711,19366,7628,2483,1090,0.418,0.373,0.773,27.2,10.7,3.5,1.5
831,,,,,,,,,,,,,,
832,1,24,1,2,0,0,0,,,,2,0,0,0
833,1,30,55,1182,364,206,65,0.461,0.397,0.656,21.5,6.6,3.7,1.2
834,2,42,11,34,11,6,2,0.333,0.2,0.667,3.1,1,0.5,0.2
835,1,12,133,3221,1347,516,231,0.415,0.37,0.82,24.2,10.1,3.9,1.7
836,2,42,89,1823,643,210,212,0.411,0.305,0.788,20.5,7.2,2.4,2.4
837,2,52,18,91,31,27,2,0.545,0.2,0.5,5.1,1.7,1.5,0.1
838,2,60,21,581,212,71,53,0.461,0.308,0.781,27.7,10.1,3.4,2.5
839,1,12,217,3845,1611,856,209,0.433,0.358,0.703,17.7,7.4,3.9,1
840,1,5,154,3125,842,272,325,0.388,0.305,0.748,20.3,5.5,1.8,2.1
841,1,23,241,6640,3127,734,477,0.417,0.368,0.829,27.6,13,3,2
842,2,35,28,151,67,40,7,0.581,,0.531,5.4,2.4,1.4,0.3
843,1,14,273,4720,2463,756,151,0.473,0.319,0.748,17.3,9,2.8,0.6
844,1,21,369,9120,3069,2468,553,0.506,0.317,0.784,24.7,8.3,6.7,1.5
845,2,46,52,452,159,37,42,0.377,0.288,0.857,8.7,3.1,0.7,0.8
846,2,47,17,52,15,4,2,0.25,0.2,,3.1,0.9,0.2,0.1
847,1,3,515,11278,6014,3763,373,0.54,0.294,0.779,21.9,11.7,7.3,0.7
848,1,12,361,7630,3508,1059,597,0.426,0.352,0.764,21.1,9.7,2.9,1.7
849,1,9,517,16169,8079,2150,1762,0.444,0.368,0.82,31.3,15.6,4.2,3.4
850,2,55,249,2621,877,640,107,0.568,0.231,0.687,10.5,3.5,2.6,0.4
851,1,20,267,3896,1141,348,760,0.392,0.35,0.721,14.6,4.3,1.3,2.8
852,1,23,642,10734,3735,3264,321,0.536,0,0.588,16.7,5.8,5.1,0.5
853,1,25,38,361,119,46,12,0.381,0.292,0.743,9.5,3.1,1.2,0.3
854,1,14,502,11539,3940,1427,828,0.49,0.254,0.675,23,7.8,2.8,1.6
855,2,46,68,711,140,69,119,0.34,0.25,0.643,10.5,2.1,1,1.8
856,2,47,867,25549,12306,6441,2005,0.491,0.33,0.735,29.5,14.2,7.4,2.3
857,1,3,845,28865,13804,2619,6819,0.445,0.357,0.822,34.2,16.3,3.1,8.1
858,2,34,777,16102,7644,1883,855,0.416,0.363,0.808,20.7,9.8,2.4,1.1
859,2,51,23,212,49,43,17,0.404,,0.5,9.2,2.1,1.9,0.7
860,1,14,800,14232,5350,4314,556,0.463,0.293,0.7,17.8,6.7,5.4,0.7
861,1,16,211,3540,1333,491,241,0.438,0.327,0.699,16.8,6.3,2.3,1.1
862,1,21,6,28,4,9,0,0,,0.5,4.7,0.7,1.5,0
863,1,19,567,8888,2787,1000,517,0.404,0.346,0.673,15.7,4.9,1.8,0.9
864,2,47,818,23872,10759,2264,3990,0.434,0.378,0.871,29.2,13.2,2.8,4.9
865,1,19,85,772,197,189,18,0.344,0,0.539,9.1,2.3,2.2,0.2
866,2,47,72,631,142,242,26,0.491,0,0.537,8.8,2,3.4,0.4
867,1,24,113,2135,733,194,428,0.429,0.346,0.853,18.9,6.5,1.7,3.8
868,2,53,542,8542,2095,1579,419,0.455,0,0.699,15.8,3.9,2.9,0.8
869,1,23,824,18396,5930,1832,1355,0.406,0.34,0.698,22.3,7.2,2.2,1.6
870,2,50,19,85,22,12,2,0.4,0.333,0.75,4.5,1.2,0.6,0.1
871,,,,,,,,,,,,,,
872,1,19,204,3761,1335,410,609,0.413,0.32,0.796,18.4,6.5,2,3
873,2,46,292,8125,4162,955,819,0.444,0.337,0.806,27.8,14.3,3.3,2.8
874,1,3,335,8849,3487,1635,460,0.485,0.4,0.788,26.4,10.4,4.9,1.4
875,2,38,84,1575,461,185,209,0.423,0.261,0.635,18.8,5.5,2.2,2.5
876,1,3,397,13435,7416,1475,1339,0.446,0.394,0.794,33.8,18.7,3.7,3.4
877,2,32,121,2110,604,269,341,0.489,0.4,0.752,17.4,5,2.2,2.8
878,1,6,162,2455,590,562,96,0.521,0,0.408,15.2,3.6,3.5,0.6
879,1,18,148,2605,612,472,92,0.376,0.319,0.633,17.6,4.1,3.2,0.6
880,2,34,390,6930,2489,762,1189,0.427,0.328,0.746,17.8,6.4,2,3
881,1,1,537,19300,10135,2349,4953,0.432,0.325,0.786,35.9,18.9,4.4,9.2
882,1,30,72,591,207,90,35,0.347,0.269,0.767,8.2,2.9,1.3,0.5
883,2,35,185,3453,1123,697,237,0.454,0.372,0.748,18.7,6.1,3.8,1.3
884,2,32,65,786,351,108,48,0.441,0.284,0.73,12.1,5.4,1.7,0.7
885,1,18,550,9248,4116,2625,186,0.557,0.067,0.583,16.8,7.5,4.8,0.3
886,2,47,181,3016,1079,401,153,0.446,0.369,0.76,16.7,6,2.2,0.8
887,1,16,707,16170,8125,1402,681,0.419,0.376,0.835,22.9,11.5,2,1
888,2,47,342,5348,939,1169,422,0.419,0.188,0.658,15.6,2.7,3.4,1.2
889,1,18,111,1044,438,266,20,0.386,0.29,0.793,9.4,3.9,2.4,0.2
890,1,5,909,22724,10101,2025,3728,0.434,0.326,0.798,25,11.1,2.2,4.1
891,2,32,6,20,11,4,0,0.5,,0.5,3.3,1.8,0.7,0
892,1,10,427,9898,3553,1330,459,0.415,0.356,0.798,23.2,8.3,3.1,1.1
893,2,38,870,20823,5662,1816,3446,0.401,0.383,0.779,23.9,6.5,2.1,4
894,1,11,629,13579,3003,2563,798,0.426,0.25,0.583,21.6,4.8,4.1,1.3
895,1,17,436,8509,3678,816,775,0.413,0.341,0.833,19.5,8.4,1.9,1.8
896,2,40,82,2117,896,210,177,0.402,0.361,0.849,25.8,10.9,2.6,2.2
897,1,1,607,13389,4035,3333,554,0.492,0.111,0.57,22.1,6.6,5.5,0.9
898,2,35,17,180,51,22,10,0.322,0.167,0.625,10.6,3,1.3,0.6