Player ID,Overall Pick,Games,Minutes Played,Free Throw Percentage,Minutes Per Game,Points Per Game,Total Rebounds Per Game
1,19,66,1543,0.752,23.4,10.4,7.2
2,41,48,765,0.682,15.9,6.1,2.2
3,21,59,735,0.512,12.5,3.5,1.9
4,54,57,523,0.754,9.2,3.9,1
5,15,214,4260,0.782,19.9,7.5,3.4
6,15,107,1403,0.68,13.1,4,2.9
7,43,13,101,0.273,7.8,2.5,2.5
8,17,352,8341,0.827,23.7,12.9,2.5
9,18,251,4757,0.782,19,5.5,1.9
10,47,160,2323,0.768,14.5,4.7,1.2
11,50,213,4381,0.81,20.6,6.5,3.3
12,23,145,1850,0.849,12.8,5.1,1.5
13,43,348,5533,0.767,15.9,7.3,3
15,24,39,623,0.667,16,3.8,3.4
16,53,3,21,1,7,2.3,1
17,19,664,18292,0.844,27.5,12.7,2.5
18,3,713,23655,0.748,33.2,14.2,8.6
19,11,188,2385,0.778,12.7,3.9,1
20,5,361,5586,0.74,15.5,4.5,4.3
21,33,281,3092,0.717,11,3,2.3
22,2,932,26720,0.807,28.7,10.5,5.3
23,31,157,2672,0.882,17,8,1.4
24,6,391,10432,0.779,26.7,9.1,4.7
25,17,894,29000,0.632,32.4,14.5,7.4
26,34,61,560,0.65,9.2,2.7,1.1
27,37,492,6162,0.706,12.5,3.3,1.1
28,21,1064,28768,0.717,27,8.6,4.4
29,37,41,507,0.815,12.4,3,1.7
30,37,103,1264,0.674,12.3,4.9,2.8
31,3,1188,40488,0.754,34.1,17.4,9.4
32,34,139,1934,0.711,13.9,3.4,2.7
33,6,344,5930,0.789,17.2,6.2,2.2
34,40,155,2360,0.783,15.2,4.6,2.9
36,3,74,2256,0.822,30.5,13.7,5.1
37,37,65,962,0.605,14.8,2.3,2
38,53,11,32,0.75,2.9,0.5,0.4
39,56,7,35,0.6,5,0.7,0.6
40,3,141,3278,0.658,23.2,10,3.9
41,16,28,160,0.615,5.7,1.8,1.4
42,23,26,180,0.75,6.9,3.7,2
43,31,90,1006,0.667,11.2,4,2.9
44,45,19,95,0.5,5,1.4,0.8
45,51,3,10,,3.3,0,0.7
46,58,40,424,0.606,10.6,3.1,1.4
47,16,187,3459,0.772,18.5,7.1,3.4
48,28,42,329,0.857,7.8,2.3,0.9
49,33,62,452,0.6,7.3,2.2,2
50,6,261,7488,0.756,28.7,9.4,3.7
51,17,95,812,0.563,8.5,2.3,1
52,16,136,1713,0.64,12.6,3.2,2.8
53,21,269,6532,0.723,24.3,10.8,7.5
54,22,6,36,0.25,6,1.2,0.5
55,51,10,54,0.625,5.4,0.9,0.7
56,25,164,2876,0.748,17.5,7.7,2.2
57,55,454,9453,0.735,20.8,7.5,2
58,19,459,13052,0.772,28.4,12.3,3
59,52,70,871,0.737,12.4,3.6,2.8
60,58,57,594,0.806,10.4,4.7,1.4
61,30,38,247,0.565,6.5,1.9,1.4
62,60,69,928,0.594,13.4,3.8,2.8
63,5,774,23479,0.797,30.3,13.3,4.6
64,32,62,461,0.783,7.4,2,0.8
65,7,752,19279,0.852,25.6,10.3,2.2
66,18,577,11338,0.813,19.6,9.7,2.5
67,50,487,13463,0.799,27.6,10.1,4.6
68,53,131,1555,0.642,11.9,2.5,1.5
69,15,913,26277,0.71,28.8,15.7,8.4
70,24,432,11842,0.826,27.4,9.7,2.9
71,25,820,18055,0.709,22,8.1,3.5
72,40,136,1436,0.752,10.6,3.5,1.4
73,16,6,34,1,5.7,1.8,0.7
74,20,624,9799,0.751,15.7,5.4,1.7
75,56,67,630,0.488,9.4,3.3,2.8
76,50,495,9229,0.844,18.6,6.9,3.4
77,10,1268,44078,0.802,34.8,16.1,4
78,11,143,1935,0.64,13.5,3.6,2.4
79,21,25,125,0.8,5,1.2,0.7
80,11,145,1392,0.593,9.6,2.7,2.7
82,22,64,1244,0.797,19.4,8,5.3
83,27,71,2184,0.719,30.8,15.9,6.3
84,55,2,15,1,7.5,4.5,1.5
85,29,59,532,0.548,9,3.3,1.9
86,41,146,1788,0.842,12.2,3.7,1.5
87,22,381,8584,0.564,22.5,8.7,6.4
88,27,36,298,0.667,8.3,3.2,1.6
89,36,43,635,0.652,14.8,4.6,3.6
90,3,548,14275,0.664,26,11.5,7.2
91,27,278,6827,0.825,24.6,12.3,2.5
92,31,12,82,1,6.8,2,1.3
93,11,153,2922,0.659,19.1,7.1,3.6
94,10,627,19633,0.788,31.3,18,6.8
95,21,618,16369,0.855,26.5,12.8,5.4
96,40,222,4381,0.831,19.7,7.1,2.1
97,17,137,1978,0.624,14.4,4.2,3.4
98,22,203,3095,0.767,15.2,5.6,1.8
99,23,256,4482,0.445,17.5,5.2,4.9
100,54,73,547,0.643,7.5,2.5,1.2
101,15,297,5714,0.674,19.2,5.4,2.3
103,22,143,2351,0.658,16.4,4.5,3.4
104,22,148,1584,0.677,10.7,3.8,1.3
105,51,1100,28816,0.88,26.2,9.9,3
106,24,419,10547,0.73,25.2,10,5.4
107,54,66,517,0.538,7.8,2.6,1.1
108,7,303,6729,0.671,22.2,7.2,5.8
109,35,520,6772,0.783,13,3.1,2
110,1,757,23134,0.629,30.6,12.3,6.8
111,36,47,303,0.462,6.4,1.4,1.6
113,11,56,691,0.778,12.3,5.3,1
114,22,48,522,0.78,10.9,3.5,1.2
115,9,228,5330,0.762,23.4,9.9,4.1
116,9,226,3466,0.673,15.3,4.1,4.6
117,24,224,3473,0.799,15.5,5.6,1.7
118,45,247,4066,0.74,16.5,6.5,4.2
119,4,312,7029,0.732,22.5,7.9,5.6
120,2,350,9345,0.706,26.7,9.1,6
121,31,132,2566,0.665,19.4,6.1,2
122,9,516,17550,0.833,34,19,3.8
123,19,455,13448,0.813,29.6,14.5,5.6
124,39,104,1034,0.557,9.9,3.6,2.6
125,12,535,13854,0.793,25.9,11.2,3.2
126,40,171,2554,0.637,14.9,5.2,2.4
127,9,717,16930,0.862,23.6,9.6,1.8
128,20,293,3905,0.797,13.3,5.3,3.9
129,38,73,1379,0.736,18.9,5,2.2
130,8,428,6949,0.674,16.2,7,3.6
131,22,784,18386,0.734,23.5,8,3.3
132,3,161,3278,0.71,20.4,7.5,2.1
133,50,518,6134,0.649,11.8,3.7,2.2
134,5,931,28344,0.789,30.4,11.5,3
135,13,119,1868,0.746,15.7,6.9,4
136,2,610,19007,0.585,31.2,12.1,9.7
137,45,128,1909,0.786,14.9,4.5,2.5
138,16,27,134,0.5,5,1.2,1
139,19,680,14621,0.639,21.5,7.2,6.5
141,38,48,700,0.69,14.6,4.9,3.7
142,14,130,2981,0.776,22.9,8.1,4.1
143,48,98,1667,0.758,17,4.7,2.6
144,22,190,3538,0.744,18.6,9.1,5.6
145,16,229,4869,0.615,21.3,10.2,7.1
146,19,253,7205,0.802,28.5,12.3,2.5
147,49,36,167,0.846,4.6,1.2,1
148,20,359,8122,0.811,22.6,6.3,2.4
150,29,88,835,0.686,9.5,2.3,1
151,28,360,8018,0.743,22.3,7,2
152,30,455,14957,0.834,32.9,16.4,4.9
153,43,36,534,0.703,14.8,3.9,1.8
154,17,423,6430,0.715,15.2,5.9,3.5
155,16,540,11099,0.691,20.6,7.9,3.6
156,26,660,17174,0.703,26,9.7,6.4
157,1,491,16658,0.821,33.9,19,3.6
158,39,183,3335,0.702,18.2,6.5,2.2
159,9,625,17903,0.699,28.6,8.9,9.3
160,49,318,3851,0.562,12.1,3.4,3.7
162,2,861,29815,0.806,34.6,19.4,8.3
163,16,299,4600,0.704,15.4,5.9,2
164,3,744,20366,0.857,27.4,14.9,2.5
165,31,87,1111,0.58,12.8,3.3,3
166,38,606,15526,0.784,25.6,6.5,2.3
167,7,879,27015,0.8,30.7,10.9,2.9
168,45,792,13356,0.78,16.9,5.8,3
169,2,75,1961,0.64,26.1,9.5,2.6
170,31,518,9147,0.866,17.7,6.3,1.7
171,44,162,1884,0.657,11.6,3.9,2.9
172,4,527,13109,0.642,24.9,12.9,5.2
173,30,644,16278,0.765,25.3,5.8,2.8
174,45,45,550,0.691,12.2,4.5,2.1
175,4,289,6032,0.691,20.9,9.6,4.6
176,7,436,8758,0.704,20.1,7.5,5.3
177,24,95,973,0.559,10.2,2.6,2.5
178,32,80,1246,0.822,15.6,5.5,1
179,33,450,6443,0.714,14.3,4,3.4
180,34,50,936,0.778,18.7,6.3,1.6
182,24,172,2669,0.818,15.5,4.3,1.4
183,1,320,11579,0.742,36.2,19.8,4.1
184,33,180,3458,0.768,19.2,7.4,2.4
185,1,151,1905,0.67,12.6,4.4,3.1
186,19,95,1110,0.842,11.7,3,1.5
187,31,294,7142,0.848,24.3,9.3,2.8
188,33,7,38,0.75,5.4,2.7,0.9
189,4,365,10490,0.701,28.7,13.3,2.7
190,24,84,605,0.674,7.2,2.3,0.7
191,33,92,761,0.68,8.3,2.2,2.3
192,34,455,10802,0.791,23.7,9,3.8
193,1,441,14955,0.875,33.9,22,3.4
194,4,510,14310,0.608,28.1,9.1,8.5
195,32,22,150,0.333,6.8,2,0.8
196,30,51,1049,0.611,20.6,6.3,2.7
197,46,532,13370,0.817,25.1,8.8,3.4
198,19,534,11925,0.617,22.3,9.5,6.8
199,25,408,7329,0.807,18,7.6,1.9
200,42,397,9316,0.78,23.5,7.8,2
201,10,73,724,0.732,9.9,3.5,1.2
202,1,1134,43977,0.739,38.8,27.2,7.4
203,31,509,9068,0.835,17.8,6.7,1.7
204,6,103,2202,0.77,21.4,9.4,1.4
205,35,861,26901,0.722,31.2,16.2,9.5
206,8,601,8403,0.467,14,2,3.7
207,20,816,18680,0.587,22.9,6.8,6
208,36,31,270,0.7,8.7,2.8,1.4
209,8,1255,37607,0.862,30,15,2.3
211,9,62,1843,0.7,29.7,15.1,3.8
212,46,22,163,0.45,7.4,2.2,1.6
213,21,163,2339,0.785,14.3,5.8,2.8
214,13,346,7373,0.75,21.3,9.8,4.9
215,44,235,3372,0.839,14.3,5.2,3
216,17,397,6970,0.761,17.6,6.9,4.4
217,55,7,21,0,3,0,0.9
218,26,151,2100,0.67,13.9,5.9,2.8
219,50,26,181,0.7,7,1.5,2.3
220,24,189,3446,0.706,18.2,7.4,4.2
221,34,26,269,0.682,10.3,4.1,3.4
222,28,82,505,0.566,6.2,2.1,0.6
223,50,31,272,0.81,8.8,2.7,0.7
224,54,75,1062,0.746,14.2,4.3,1.3
225,12,409,7084,0.603,17.3,5.7,4.7
226,31,133,1253,0.613,9.4,3,1.5
228,13,71,2367,0.821,33.3,20.3,3.7
229,51,3,25,1,8.3,3.3,0.7
230,7,155,4018,0.898,25.9,13,3.1
231,15,85,1096,0.761,12.9,4.5,2.8
232,19,82,744,0.718,9.1,3.3,1.1
234,7,183,4648,0.729,25.4,10.9,3
235,11,256,5304,0.823,20.7,7.9,2.3
236,41,220,5896,0.83,26.8,14.5,9
237,56,44,457,0.375,10.4,2.2,1.6
238,27,317,8833,0.631,27.9,10,9.9
239,20,376,10229,0.804,27.2,13.1,2.7
240,38,69,934,0.706,13.5,4.3,2.4
241,22,441,11000,0.655,24.9,11.4,8.2
242,49,239,3320,0.682,13.9,6.2,3.8
243,20,23,98,0.5,4.3,1.2,0.7
244,22,863,24075,0.855,27.9,10.8,2.9
245,20,878,24539,0.81,27.9,11.3,3
246,3,1047,37617,0.812,35.9,24.2,6.5
247,5,172,1946,0.73,11.3,2.9,1.8
248,25,86,952,0.833,11.1,2.9,0.9
249,33,59,1381,0.79,23.4,6.9,2.7
250,26,69,858,0.736,12.4,3.8,3.3
251,53,6,58,0,9.7,3,2.8
253,12,65,1252,0.873,19.3,7.1,2.3
254,18,49,327,0.611,6.7,2.7,1.8
255,49,9,32,1,3.6,0.4,0.3
256,8,211,4703,0.768,22.3,6.8,3.4
257,38,91,859,0.747,9.4,3.2,0.9
258,38,178,4066,0.801,22.8,8.8,2.6
259,8,379,11696,0.782,30.9,12,3.4
260,37,21,79,0.579,3.8,1,1.2
261,56,24,224,0.733,9.3,2.3,0.6
262,9,457,13843,0.42,30.3,13.5,13.3
263,44,41,407,0.724,9.9,2.9,0.9
264,8,382,11939,0.812,31.3,15.2,3.3
265,33,356,7794,0.786,21.9,6.5,2.9
266,52,23,135,0.571,5.9,2,1.5
267,15,293,4132,0.778,14.1,5.2,2.6
268,35,83,820,0.642,9.9,3.3,1
269,39,554,9997,0.765,18,6.1,4
270,44,407,7998,0.797,19.7,7.9,3
271,29,138,2111,0.72,15.3,5.9,3.2
272,15,651,17890,0.824,27.5,12.6,2.9
273,27,759,20794,0.825,27.4,10.8,2.9
274,60,14,166,1,11.9,1.8,1.1
275,26,618,11379,0.564,18.4,5.6,4.2
276,56,811,17619,0.669,21.7,7.2,5.5
277,60,30,234,0.5,7.8,2.7,1
278,2,468,8638,0.574,18.5,6,4.2
279,25,507,11580,0.758,22.8,8.1,3.6
280,58,13,81,0.5,6.2,1.3,0.6
281,23,1017,31576,0.756,31,11.1,4.3
282,9,218,3354,0.749,15.4,7.1,2.2
283,38,634,18429,0.797,29.1,13.5,7
284,14,167,1863,0.728,11.2,3.6,1
285,44,456,6477,0.861,14.2,4.6,2.3
287,30,16,108,0.3,6.8,1.6,1.8
288,30,116,1186,0.551,10.2,3,2.6
289,7,456,13823,0.788,30.3,13,5
290,30,170,2394,0.557,14.1,4.2,4.3
291,35,459,12665,0.705,27.6,9.3,6.9
292,52,37,164,0.6,4.4,0.9,1
293,11,530,17450,0.852,32.9,19.2,3.4
294,44,110,1334,0.754,12.1,3.7,0.9
295,6,328,5343,0.725,16.3,3.7,3.1
296,7,625,21528,0.903,34.4,23.1,4.4
297,14,252,3841,0.74,15.2,7.1,4.3
298,18,715,16601,0.841,23.2,9.8,2
299,36,52,433,0.578,8.3,3.1,1.8
300,46,16,303,0.594,18.9,5.2,3.3
301,9,90,524,0.583,5.8,2.1,1.4
302,38,7,38,0.667,5.4,1.4,1.9
303,9,225,2795,0.786,12.4,6,3.1
304,40,833,29011,0.772,34.8,17.8,3.5
305,42,17,144,0.167,8.5,2.8,2.1
306,11,516,11146,0.5,21.6,6.3,7
307,11,557,11950,0.665,21.5,8.3,3.1
309,3,986,27340,0.803,27.7,11.2,4.3
310,5,857,29241,0.707,34.1,17.1,5
311,14,729,19921,0.785,27.3,10.8,7.8
312,31,552,19351,0.803,35.1,20.7,3.9
313,55,51,1147,0.667,22.5,8.6,3.7
315,45,74,2111,0.746,28.5,10.1,2.9
316,37,5,52,1,10.4,2.8,2
317,43,15,79,0.7,5.3,1.3,1.1
318,18,146,2224,0.615,15.2,5.3,3
319,32,164,2529,0.625,15.4,8.4,3.3
320,25,222,4978,0.478,22.4,10.6,8.1
321,42,28,262,0.68,9.4,2.6,1.4
322,34,205,4170,0.839,20.3,8.4,1.9
323,12,350,6520,0.836,18.6,9.1,3.3
325,18,232,5557,0.622,24,10.5,5.7
326,14,465,12212,0.729,26.3,11.1,4.4
327,23,265,6235,0.798,23.5,11.5,5.6
328,38,409,12677,0.708,31,13.1,4.6
329,14,552,12616,0.756,22.9,7.3,4.4
330,25,685,21703,0.838,31.7,12.1,5.3
331,26,643,13422,0.837,20.9,9.7,1.7
332,8,802,27867,0.795,34.7,18,5.9
333,32,467,5657,0.877,12.1,4.7,1.3
334,24,348,7797,0.773,22.4,8.2,2.4
335,55,16,77,1,4.8,2.2,0.2
336,1,486,15818,0.833,32.5,19,9.2
337,15,317,5628,0.784,17.8,7.1,2.6
338,38,9,35,0.625,3.9,1.2,0.8
339,13,1181,34293,0.768,29,12.6,4
340,18,735,14974,0.647,20.4,3.6,3.7
341,23,108,699,0.6,6.5,2.2,0.6
342,9,592,11733,0.557,19.8,3.9,6.2
343,38,619,11213,0.671,18.1,4.9,3.7
345,18,49,424,0.667,8.7,2.9,1.6
346,47,10,28,0.833,2.8,1.3,0.9
347,20,121,2903,0.712,24,10.2,3.5
348,50,29,108,1,3.7,0.9,0.7
349,11,198,5544,0.782,28,12.9,6.6
350,43,124,1039,0.768,8.4,3.3,1
351,23,253,5895,0.822,23.3,6.3,3.3
352,26,321,5366,0.545,16.7,4.9,4.6
353,15,407,12364,0.846,30.4,16.3,6.2
354,42,137,1840,0.819,13.4,5.4,1.8
355,10,520,17317,0.844,33.3,18.6,6.2
356,40,432,10563,0.688,24.5,8.8,4.3
358,13,428,7233,0.738,16.9,6.7,4.2
359,52,261,3929,0.742,15.1,5.8,1.4
360,11,552,11829,0.824,21.4,8.5,2.1
361,41,45,431,0.684,9.6,2.8,2.4
362,17,314,5368,0.755,17.1,5.6,3
363,45,102,1302,0.672,12.8,4.3,2.7
364,17,586,18487,0.848,31.5,16.8,4.9
365,29,189,2686,0.525,14.2,5,2.9
366,49,709,11098,0.84,15.7,5.2,1.8
367,14,430,10299,0.809,24,7.5,2.2
368,41,54,468,0.393,8.7,1.6,0.9
369,27,342,6192,0.701,18.1,7.2,3.9
371,25,21,107,0.6,5.1,2.2,1.6
372,33,61,681,0.769,11.2,5,4
373,28,66,376,0.813,5.7,2,0.5
374,25,205,3232,0.791,15.8,5.3,1.8
375,53,41,540,0.481,13.2,2.3,4.3
376,37,24,119,0.714,5,2.4,1
377,47,10,45,0.444,4.5,1.4,0.9
378,8,580,14321,0.725,24.7,7.5,5.9
379,54,19,134,0.75,7.1,1.9,0.6
380,1,529,18537,0.683,35,21.5,9.2
381,7,557,18517,0.816,33.2,16.8,2.5
382,35,741,20800,0.447,28.1,9.4,10.6
383,14,296,8274,0.747,28,11.9,4.2
384,34,82,702,0.732,8.6,2.6,1.9
385,52,6,18,0.6,3,0.8,0.3
386,12,34,168,0.625,4.9,1.1,0.5
387,32,127,1683,0.78,13.3,3.4,1.2
388,4,762,16108,0.794,21.1,6.5,2.4
389,33,36,433,0.625,12,3.1,0.9
390,6,735,19642,0.743,26.7,11.2,7.6
391,8,628,12474,0.643,19.9,8.2,4.9
392,12,375,6005,0.625,16,5.3,3.2
393,41,73,569,0.636,7.8,2.7,2.6
394,2,1079,30523,0.646,28.3,8.6,9.4
395,3,446,11730,0.59,26.3,10.1,4.9
396,18,783,20785,0.718,26.5,10.3,4.7
397,30,447,11246,0.73,25.2,7.1,2.7
399,2,51,1756,0.449,34.4,10.2,7
400,28,9,29,1,3.2,0.9,1.2
401,2,136,4204,0.659,30.9,12.2,4.6
402,32,72,867,0.706,12,5.4,3.2
403,2,183,5110,0.755,27.9,14.6,3.6
404,27,183,3985,0.688,21.8,7.2,5.9
405,34,40,758,0.85,19,4,2.6
406,7,229,6374,0.712,27.8,13.4,8.9
407,48,163,3125,0.797,19.2,6,3.1
408,60,189,2745,0.671,14.5,4.2,3.1
409,41,132,1464,0.63,11.1,3.3,1
410,46,49,475,0.875,9.7,4,0.7
411,43,63,711,0.722,11.3,3.6,1.9
412,58,41,215,0.739,5.2,2,1
413,29,394,7511,0.824,19.1,7.6,2.2
414,42,302,8624,0.767,28.6,9.4,4.1
415,58,2,23,1,11.5,4.5,2
416,19,113,1853,0.638,16.4,5.3,2.4
418,48,711,24010,0.779,33.8,15.2,7.7
419,26,504,9840,0.739,19.5,7.7,1.9
420,51,22,114,0.444,5.2,1,1.4
421,10,418,10690,0.69,25.6,11.5,7.7
422,37,473,8020,0.636,17,4.7,3.7
423,39,200,2475,0.751,12.4,5.3,1.2
424,27,581,8908,0.858,15.3,5.3,1.9
425,24,421,5649,0.783,13.4,5.5,2.6
426,32,564,9685,0.715,17.2,4.7,2.8
427,27,72,861,0.667,12,3.9,1.2
428,29,453,5335,0.527,11.8,2.2,2.6
430,14,64,1293,0.71,20.2,7,5.6
431,10,156,4310,0.652,27.6,7.3,5.2
432,40,178,5156,0.777,29,10.2,2.9
433,26,111,2000,0.81,18,6,2.4
434,55,64,973,0.548,15.2,2.9,1.4
435,27,59,729,0.667,12.4,3.6,3.1
436,31,311,8306,0.861,26.7,12,3.2
437,32,50,347,0.545,6.9,2.3,1.8
438,41,37,397,0.518,10.7,2.9,1.9
439,43,483,11299,0.83,23.4,11.9,2.8
440,2,577,13491,0.761,23.4,12.6,4.8
441,52,138,1039,0.644,7.5,2.2,1.5
442,20,592,9806,0.78,16.6,6.2,3.4
443,29,51,507,0.854,9.9,3.3,1.9
444,19,549,12280,0.806,22.4,8.4,3.8
445,47,76,879,0.678,11.6,2.9,2.8
446,53,42,588,0.714,14,3.2,2
447,5,975,33740,0.767,34.6,22.6,4.7
448,33,2,5,,2.5,1,0.5
449,10,881,28333,0.847,32.2,14.1,5
450,53,809,17219,0.747,21.3,7.5,2.4
451,49,16,156,0.333,9.8,2,2
452,37,717,12405,0.851,17.3,7.5,1.7
453,52,3,21,0.25,7,1,2
455,17,21,69,0.5,3.3,0.9,0.4
456,48,64,979,0.693,15.3,3.6,1.8
457,10,128,1767,0.676,13.8,4.5,2.6
458,36,121,3386,0.872,28,11.4,3
459,38,125,1951,0.758,15.6,3.9,1.4
460,17,139,1671,0.692,12,3,1.1
461,46,187,3072,0.801,16.4,6.8,2.1
462,2,174,5356,0.748,30.8,15.2,5.4
463,31,20,156,0.875,7.8,1.8,1.6
464,36,147,1684,0.663,11.5,3.5,2.4
465,48,40,435,0.72,10.9,2.3,1.4
466,15,386,12618,0.746,32.7,17.1,7.4
467,43,28,277,0.769,9.9,3.9,1.4
468,14,383,7748,0.577,20.2,7.9,5.5
469,42,100,1272,0.7,12.7,3.5,1
470,10,235,3148,0.876,13.4,6,1
471,40,336,5543,0.769,16.5,6.7,4
472,15,238,4635,0.553,19.5,6.4,5.7
473,37,5,39,,7.8,0.8,0.6
474,44,65,491,0.852,7.6,2.8,2
475,10,548,16751,0.795,30.6,14.2,3
476,41,523,11911,0.881,22.8,9.3,2.1
477,8,67,745,0.698,11.1,4.2,1.8
478,37,676,15819,0.662,23.4,6.4,4.1
479,6,272,6038,0.78,22.2,7.9,4.9
480,56,685,16061,0.791,23.4,10.4,2.7
481,39,68,792,0.86,11.6,2.7,1.8
482,1,694,19728,0.556,28.4,9.8,8.7
483,36,669,16346,0.77,24.4,10.9,5.9
484,8,429,11882,0.815,27.7,11.2,3.1
485,43,671,14527,0.716,21.6,6.3,2.7
486,13,89,854,0.659,9.6,3.5,1.5
487,34,527,7793,0.498,14.8,4.7,4.4
488,42,487,11077,0.725,22.7,9.9,2.1
489,48,1,6,,6,4,1
490,15,151,2178,0.738,14.4,5.6,2.9
491,43,629,20104,0.838,32,19,3.8
492,49,341,5289,0.788,15.5,4.8,1.7
494,7,61,1848,0.867,30.3,14.8,7.6
495,5,130,2858,0.69,22,7.6,3
496,1,239,8306,0.834,34.8,21.4,11.6
497,36,30,225,0.724,7.5,2.1,1.9
498,13,230,6601,0.82,28.7,14,3
499,40,164,2398,0.705,14.6,4.3,2.3
500,44,113,1794,0.781,15.9,5.2,2.1
501,9,296,7169,0.792,24.2,10.8,2.1
502,26,295,6651,0.467,22.5,4.6,4
503,52,76,948,0.684,12.5,3,1.5
504,58,98,1397,0.867,14.3,3.9,2.7
505,2,428,8864,0.71,20.7,8.9,4
506,20,248,4553,0.6,18.4,7.4,3.8
507,4,563,12822,0.744,22.8,7.2,3.3
508,16,378,5299,0.747,14,4.8,2.2
509,23,525,10777,0.633,20.5,6.9,5.5
510,56,33,157,0.462,4.8,0.6,0.8
511,5,423,13305,0.834,31.5,10.7,4.3
512,6,163,3738,0.809,22.9,9.2,1.9
513,18,551,16088,0.77,29.2,12.7,2.7
514,28,584,12227,0.85,20.9,8,2.2
515,45,129,2011,0.581,15.6,4.6,1.9
516,3,547,16919,0.82,30.9,13.8,3.1
517,31,271,6744,0.76,24.9,12.6,6.7
518,34,641,17158,0.793,26.8,8.9,2.5
519,7,776,18043,0.714,23.3,8.9,2.8
520,41,70,780,0.605,11.1,1.9,2.8
521,6,326,11561,0.8,35.5,18.8,4.3
522,36,403,6826,0.661,16.9,7.6,3.9
523,37,91,867,0.685,9.5,3.2,1.6
524,14,249,5037,0.741,20.2,10,2
525,47,26,325,0.794,12.5,5,1.5
526,26,19,86,0.462,4.5,2.1,1
527,46,215,2428,0.642,11.3,2.6,3.2
528,51,42,244,0.806,5.8,1.9,0.4
529,,,,,,,
530,40,51,671,0.8,13.2,3.2,2.3
531,6,154,3675,0.866,23.9,11.8,3.5
532,40,7,24,1,3.4,1.4,0.9
533,56,6,29,1,4.8,0.8,0.7
534,6,220,5732,0.625,26.1,9.4,7.2
535,1,402,13967,0.795,34.7,23.3,10.3
536,10,400,9630,0.651,24.1,9.3,2
537,46,176,3196,0.864,18.2,5.1,1.6
538,45,75,888,0.629,11.8,3.5,3
539,11,337,3386,0.738,10,3.1,3.4
540,21,624,18451,0.854,29.6,12.7,2.6
541,27,503,8945,0.765,17.8,6.5,3.5
542,13,231,3049,0.584,13.2,3.9,2.3
543,12,292,3378,0.582,11.6,3,2.6
544,15,75,705,0.39,9.4,2.2,1.9
545,43,26,172,0.556,6.6,1.9,0.7
546,4,887,31338,0.868,35.3,18.7,4.5
547,33,758,16410,0.832,21.6,8.7,4.5
548,18,951,25763,0.732,27.1,12.6,3.2
549,18,1025,29023,0.817,28.3,13.6,6.4
550,48,11,55,0.6,5,1,1
552,8,72,1513,0.721,21,5.7,2.1
553,44,38,327,0.714,8.6,2.9,1.4
554,4,186,5764,0.804,31,17.8,7.1
555,34,56,801,0.75,14.3,4.3,2.2
556,51,2,6,,3,3,0.5
557,24,334,8326,0.808,24.9,12.1,2.4
558,48,69,1089,0.688,15.8,3.6,2.3
559,17,384,9737,0.763,25.4,7.3,3.4
560,38,5,24,0.5,4.8,1.6,0.2
561,39,255,6010,0.666,23.6,6.8,4.3
562,8,409,7692,0.699,18.8,7.9,5.8
563,6,479,14937,0.865,31.2,15.4,4.7
564,23,583,18144,0.769,31.1,13.6,5.4
565,20,221,3064,0.542,13.9,4,3.5
566,29,189,2771,0.599,14.7,3.9,1.8
567,8,847,19299,0.823,22.8,9,4.6
568,30,829,24293,0.772,29.3,13.5,8.8
569,54,16,93,0.875,5.8,2.8,1.2
570,43,936,27632,0.723,29.5,10.5,4.8
571,9,233,3610,0.689,15.5,6.5,4.5
572,30,64,632,0.676,9.9,3.4,2.2
573,39,1,3,,3,0,0
574,7,919,24630,0.661,26.8,11.7,6.2
575,22,205,3318,0.659,16.2,5.6,4
576,39,61,446,0.795,7.3,3.2,0.7
578,21,57,708,0.9,12.4,2.9,0.8
579,14,104,1513,0.75,14.5,5.6,1.7
580,48,29,159,0.55,5.5,1.9,1.2
581,21,52,557,0.58,10.7,4.4,3.5
582,29,73,1054,0.217,14.4,2.5,2.5
583,12,380,9620,0.571,25.3,8.7,6.9
584,29,165,2396,0.7,14.5,6.3,2
585,32,137,2084,0.886,15.2,5.3,1.4
586,28,143,1675,0.66,11.7,3.4,1.8
587,26,302,5238,0.738,17.3,5,2
588,3,681,23029,0.855,33.8,23,5.1
589,25,182,2896,0.81,15.9,7.1,1.9
590,4,741,25428,0.814,34.3,23,6.6
591,24,672,19415,0.762,28.9,12,7.2
592,32,8,20,0,2.5,1,0.4
593,56,25,95,0.455,3.8,0.9,1
594,2,763,28357,0.882,37.2,27.1,7.1
595,31,513,11524,0.785,22.5,10.8,4.9
596,35,514,10865,0.7,21.1,8,4.4
597,10,47,260,0.589,5.5,2.2,1.6
598,25,473,7262,0.678,15.4,4.7,3.9
599,48,145,2348,0.815,16.2,4.6,2.3
600,55,87,1150,0.688,13.2,3.8,3.6
601,12,97,1500,0.61,15.5,4.3,3.9
602,35,14,73,0.615,5.2,1.4,0.6
603,12,908,18600,0.725,20.5,5.9,5.2
604,14,830,21623,0.862,26.1,9.3,2.3
605,41,731,14783,0.765,20.2,8.3,1.8
606,12,737,16164,0.758,21.9,8,3.8
607,40,878,19494,0.703,22.2,6.4,2.3
608,42,466,11513,0.823,24.7,9,3.8
609,17,643,19641,0.74,30.5,12.1,4.5
610,42,93,587,0.659,6.3,1.4,2.1
612,6,25,494,0.714,19.8,5,3.6
613,33,55,819,0.778,14.9,3.3,2.1
614,35,29,338,0.773,11.7,4.4,3.4
615,11,147,3261,0.717,22.2,8.5,5.5
616,41,19,108,0.6,5.7,1.2,1.8
617,47,66,402,0.75,6.1,1.6,0.6
618,5,210,3756,0.835,17.9,6.6,2.6
619,4,255,6637,0.7,26,11.3,5.9
620,12,153,4297,0.821,28.1,13.8,6.5
621,2,359,11990,0.802,33.4,17.3,4.5
622,19,285,4080,0.773,14.3,6,3
623,49,392,5871,0.743,15,5.7,4.8
624,53,173,1890,0.549,10.9,2,1.5
625,29,51,542,0.597,10.6,2.8,2.5
626,22,749,21058,0.856,28.1,10,2.7
627,11,752,19044,0.89,25.3,12.3,2
628,41,27,156,0.5,5.8,1.6,1.2
629,38,179,2660,0.847,14.9,4.8,1.4
630,44,6,9,,1.5,0,0.7
631,1,1028,35557,0.566,34.6,17.4,12.7
632,30,627,15051,0.631,24,7.3,7.2
633,36,81,789,0.571,9.7,2.3,0.6
634,15,71,605,0.606,8.5,1.7,0.7
635,42,1023,21293,0.749,20.8,7,5.9
636,18,83,1117,0.742,13.5,3.1,3.3
637,15,400,5993,0.485,15,4.5,3.2
638,22,82,1061,0.687,12.9,2.5,2.3
639,32,22,213,0.5,9.7,1.7,0.6
640,5,1032,27812,0.769,26.9,10.6,4.2
641,10,728,14134,0.799,19.4,7,1.3
642,13,187,4067,0.813,21.7,9,2.2
644,1,5,90,0.5,18,6.8,2.6
645,39,47,776,0.776,16.5,4.9,1.8
646,46,47,692,0.864,14.7,4.4,2.8
647,1,72,2464,0.57,34.2,15.8,8
648,24,121,1997,0.834,16.5,6.1,1.8
649,26,9,56,0.5,6.2,1.7,0.9
650,3,130,3061,0.682,23.5,12.9,5.3
651,35,113,1698,0.674,15,6.8,5.5
652,37,147,2455,0.693,16.7,7.3,4.2
653,3,93,2689,0.774,28.9,22.2,10
654,10,300,8854,0.619,29.5,11.2,4.2
655,32,148,2092,0.776,14.1,5.3,2.2
656,39,296,6487,0.634,21.9,7.4,3.6
657,47,27,131,0.769,4.9,2,0.6
658,11,287,7893,0.707,27.5,11.5,4.7
659,35,16,152,0.692,9.5,2.7,1.5
660,42,8,84,0.857,10.5,4.4,1.1
661,15,415,9542,0.607,23,7.3,3.6
662,45,113,1961,0.798,17.4,6.1,3.6
663,54,45,247,0.5,5.5,1.3,0.9
664,16,449,13417,0.727,29.9,14.8,9.8
665,50,388,6905,0.682,17.8,4.8,4.8
666,2,604,16813,0.787,27.8,10.2,4.8
667,17,577,18909,0.787,32.8,14.9,3.7
668,16,703,10612,0.798,15.1,7.9,4.1
669,12,813,25001,0.676,30.8,13.5,5.9
670,21,328,5993,0.813,18.3,6.4,2.1
671,38,135,1107,0.41,8.2,2.3,2
672,13,778,18017,0.737,23.2,6.1,3.9
673,45,854,20797,0.833,24.4,13.7,2.1
674,9,1037,35389,0.713,34.1,12.6,5.2
675,16,247,4596,0.752,18.6,6.1,2.4
676,26,886,21646,0.706,24.4,7.7,7.8
677,37,39,351,0.667,9,2.8,1.3
678,57,23,126,0.5,5.5,1.1,1.6
679,20,334,8548,0.762,25.6,9.3,2.5
681,4,72,1784,0.624,24.8,12.4,4.5
682,32,16,171,0.833,10.7,2.7,1.8
683,54,13,110,1,8.5,2.1,1.5
684,4,118,2437,0.691,20.7,5.1,3.5
685,13,38,473,0.857,12.4,4.2,3.2
686,28,89,1749,0.757,19.7,8.7,4.8
687,34,125,2534,0.796,20.3,7.1,1.6
688,13,208,6703,0.849,32.2,19.8,3.3
689,44,128,2800,0.771,21.9,7.5,2.1
690,14,218,5874,0.754,26.9,13.7,4.1
691,18,177,2141,0.756,12.1,4,1.2
692,27,70,1929,0.856,27.6,11.6,2.8
693,5,331,6553,0.711,19.8,7.1,6.5
694,30,24,142,0.875,5.9,1.1,0.6
695,13,160,3083,0.611,19.3,5,1.6
696,13,512,13552,0.778,26.5,11.9,5.6
697,46,1,2,,2,0,0
698,14,261,3630,0.664,13.9,4.4,3
699,48,8,32,0.5,4,1.3,0.3
700,15,690,15995,0.761,23.2,9,5.4
701,48,62,472,0.514,7.6,2.4,1.2
702,24,249,5965,0.84,24,9.1,2.4
703,29,51,426,0.783,8.4,4.1,1
704,59,33,270,0.474,8.2,2.2,0.8
705,21,772,24550,0.606,31.8,10.5,4.8
706,27,353,5281,0.739,15,4.9,1.5
707,21,618,13878,0.796,22.5,11,2.3
708,57,750,19715,0.678,26.3,10.2,8.1
709,7,880,30549,0.77,34.7,15,6.1
710,17,150,1550,0.733,10.3,4.3,2.1
711,9,846,26254,0.761,31,18.9,7.8
712,22,287,5320,0.769,18.5,5.2,1.8
713,51,73,524,0.697,7.2,2.5,1.7
714,25,315,5005,0.657,15.9,4.8,3.9
716,15,60,1267,0.706,21.1,6.7,2.7
717,26,21,148,0.615,7,2,1.8
718,23,167,4067,0.763,24.4,10.2,6
719,10,332,9620,0.843,29,17.2,2.9
720,39,206,2072,0.716,10.1,3.2,2.5
721,40,8,51,1,6.4,2,1.1
722,6,462,16808,0.884,36.4,23,4.1
723,11,326,5167,0.824,15.8,5.5,3.7
724,40,387,8701,0.789,22.5,10.3,3.8
725,41,61,491,0.684,8,2.9,0.5
726,21,84,829,0.714,9.9,3.3,1
727,22,109,1470,0.669,13.5,4.9,1.5
728,34,47,401,0.679,8.5,3.3,1
729,22,80,1072,0.585,13.4,3.2,2.2
730,33,644,13812,0.644,21.4,6,3.8
731,38,150,1570,0.618,10.5,2.1,3.1
732,55,515,9336,0.846,18.1,8.1,1.6
733,13,481,10564,0.706,22,6.8,2.9
734,33,130,1488,0.375,11.4,2.6,3.9
735,36,467,9155,0.551,19.6,5.3,7.2
736,55,51,771,0.691,15.1,5.7,1.7
737,1,105,2028,0.658,19.3,8,6.2
738,37,433,8271,0.705,19.1,5.4,3.9
739,42,2,37,1,18.5,5,5.5
740,52,17,74,0.917,4.4,1.6,0.6
741,53,18,58,0.5,3.2,1.2,0.4
742,4,402,7932,0.732,19.7,7.7,4.8
743,30,151,1821,0.728,12.1,3.2,3.4
744,31,67,583,0.676,8.7,2.7,1
745,6,580,13914,0.791,24,8.7,3.1
746,27,409,8185,0.763,20,8.7,3.6
747,13,564,12149,0.777,21.5,7.4,1.6
748,23,26,343,0.714,13.2,3,2
749,46,46,316,0.5,6.9,1.5,1.5
750,23,622,13026,0.744,20.9,8.5,3.2
751,21,167,2060,0.603,12.3,4.1,2.3
752,19,1116,34616,0.764,31,16.6,9.1
753,50,44,276,0.556,6.3,1,1.3
754,28,27,266,0.9,9.9,2.9,0.8
756,5,65,1777,0.718,27.3,11.4,2.6
757,10,57,881,0.629,15.5,4.2,3.4
758,34,46,878,0.822,19.1,8.1,2.5
759,8,149,3122,0.604,21,8.3,4.6
760,6,206,4643,0.647,22.5,9.1,5.5
761,8,261,5552,0.805,21.3,7,2.1
762,7,342,8365,0.783,24.5,9,2.5
763,36,154,2808,0.711,18.2,6,2
764,5,313,4204,0.505,13.4,4.9,4.8
765,36,103,1112,0.727,10.8,3.2,1.7
766,7,520,10911,0.566,21,5,6.5
767,35,24,120,0.714,5,1.2,1
768,60,473,14076,0.877,29.8,18.9,2.6
769,5,535,17307,0.737,32.3,21.5,11
770,33,264,7106,0.624,26.9,13.7,11.5
771,4,525,16840,0.759,32.1,16.5,4.8
772,23,552,11439,0.678,20.7,8,4.1
773,31,237,2322,0.776,9.8,2.9,2.7
774,12,588,14819,0.657,25.2,8.9,6.6
775,42,37,303,0.857,8.2,2.4,0.9
776,43,7,19,0.75,2.7,0.4,0.3
777,10,684,15541,0.716,22.7,8.7,5.7
778,19,143,1535,0.884,10.7,4.1,1.1
779,23,549,11853,0.799,21.6,7.9,2.6
780,26,714,21559,0.87,30.2,17.4,3.2
781,28,300,4617,0.831,15.4,5.8,1.4
782,58,10,110,0.583,11,2.7,2.5
783,25,832,24731,0.709,29.7,11.9,5.8
784,16,997,26695,0.784,26.8,11.1,4
785,45,108,1063,0.69,9.8,3,1.6
787,29,17,139,0.7,8.2,3.2,1.5
788,29,111,1851,0.701,16.7,6.3,4.1
789,30,249,4399,0.74,17.7,4.8,3.6
790,58,59,579,0.774,9.8,4.4,1
791,60,58,581,0.583,10,3.5,2.8
792,29,438,9102,0.765,20.8,7,2.4
793,20,247,4320,0.755,17.5,5.8,2.3
794,37,424,7054,0.608,16.6,6.8,5.1
795,53,119,1414,0.835,11.9,3.8,1.8
796,26,661,19058,0.8,28.8,11.6,3.2
797,45,716,20061,0.761,28,13.7,3
798,28,355,6812,0.697,19.2,7.9,5
800,59,30,170,0.636,5.7,1.7,1
801,28,539,8945,0.608,16.6,5.1,4.3
802,28,831,18185,0.833,21.9,8.4,2.1
803,28,850,18386,0.821,21.6,10.6,2
804,26,895,23672,0.799,26.4,9.3,2.9
805,56,743,19001,0.74,25.6,12,6.7
807,28,1190,37145,0.752,31.2,15.9,2.8
809,23,66,1321,0.636,20,5.7,2.3
810,9,128,1982,0.57,15.5,5.1,4
811,27,128,2357,0.652,18.4,6,4
812,20,115,1943,0.796,16.9,6.5,2.2
813,20,31,173,0.75,5.6,1.4,0.9
814,8,409,9768,0.797,23.9,9.6,2.6
815,37,320,5139,0.761,16.1,4.9,3.5
816,5,433,11056,0.785,25.5,11.7,8.5
817,13,554,11426,0.579,20.6,6.6,6.5
818,9,668,22764,0.827,34.1,19.7,4.1
819,17,662,16389,0.755,24.8,10,6.3
820,1,550,15806,0.824,28.7,14.3,4.6
821,35,492,13695,0.749,27.8,7.4,5.7
822,7,656,13578,0.772,20.7,10.4,4.6
823,16,377,6117,0.815,16.2,5.9,2.8
824,41,85,987,0.746,11.6,4,0.9
825,58,20,72,0.692,3.6,1.9,0.7
826,8,139,1585,0.679,11.4,2.8,2.8
827,4,893,31936,0.799,35.8,19.2,8.5
828,20,346,5956,0.703,17.2,6.4,1.7
829,17,173,2016,0.511,11.7,2.8,3.4
830,21,711,19366,0.773,27.2,10.7,3.5
833,30,55,1182,0.656,21.5,6.6,3.7
834,42,11,34,0.667,3.1,1,0.5
835,12,133,3221,0.82,24.2,10.1,3.9
836,42,89,1823,0.788,20.5,7.2,2.4
837,52,18,91,0.5,5.1,1.7,1.5
838,60,21,581,0.781,27.7,10.1,3.4
839,12,217,3845,0.703,17.7,7.4,3.9
840,5,154,3125,0.748,20.3,5.5,1.8
841,23,241,6640,0.829,27.6,13,3
842,35,28,151,0.531,5.4,2.4,1.4
843,14,273,4720,0.748,17.3,9,2.8
844,21,369,9120,0.784,24.7,8.3,6.7
845,46,52,452,0.857,8.7,3.1,0.7
846,47,17,52,,3.1,0.9,0.2
847,3,515,11278,0.779,21.9,11.7,7.3
848,12,361,7630,0.764,21.1,9.7,2.9
849,9,517,16169,0.82,31.3,15.6,4.2
850,55,249,2621,0.687,10.5,3.5,2.6
851,20,267,3896,0.721,14.6,4.3,1.3
852,23,642,10734,0.588,16.7,5.8,5.1
853,25,38,361,0.743,9.5,3.1,1.2
854,14,502,11539,0.675,23,7.8,2.8
855,46,68,711,0.643,10.5,2.1,1
856,47,867,25549,0.735,29.5,14.2,7.4
857,3,845,28865,0.822,34.2,16.3,3.1
858,34,777,16102,0.808,20.7,9.8,2.4
859,51,23,212,0.5,9.2,2.1,1.9
860,14,800,14232,0.7,17.8,6.7,5.4
861,16,211,3540,0.699,16.8,6.3,2.3
862,21,6,28,0.5,4.7,0.7,1.5
863,19,567,8888,0.673,15.7,4.9,1.8
864,47,818,23872,0.871,29.2,13.2,2.8
865,19,85,772,0.539,9.1,2.3,2.2
866,47,72,631,0.537,8.8,2,3.4
867,24,113,2135,0.853,18.9,6.5,1.7
868,53,542,8542,0.699,15.8,3.9,2.9
869,23,824,18396,0.698,22.3,7.2,2.2
870,50,19,85,0.75,4.5,1.2,0.6
872,19,204,3761,0.796,18.4,6.5,2
873,46,292,8125,0.806,27.8,14.3,3.3
874,3,335,8849,0.788,26.4,10.4,4.9
875,38,84,1575,0.635,18.8,5.5,2.2
876,3,397,13435,0.794,33.8,18.7,3.7
877,32,121,2110,0.752,17.4,5,2.2
878,6,162,2455,0.408,15.2,3.6,3.5
879,18,148,2605,0.633,17.6,4.1,3.2
880,34,390,6930,0.746,17.8,6.4,2
881,1,537,19300,0.786,35.9,18.9,4.4
882,30,72,591,0.767,8.2,2.9,1.3
883,35,185,3453,0.748,18.7,6.1,3.8
884,32,65,786,0.73,12.1,5.4,1.7
885,18,550,9248,0.583,16.8,7.5,4.8
886,47,181,3016,0.76,16.7,6,2.2
887,16,707,16170,0.835,22.9,11.5,2
888,47,342,5348,0.658,15.6,2.7,3.4
889,18,111,1044,0.793,9.4,3.9,2.4
890,5,909,22724,0.798,25,11.1,2.2
891,32,6,20,0.5,3.3,1.8,0.7
892,10,427,9898,0.798,23.2,8.3,3.1
893,38,870,20823,0.779,23.9,6.5,2.1
894,11,629,13579,0.583,21.6,4.8,4.1
895,17,436,8509,0.833,19.5,8.4,1.9
896,40,82,2117,0.849,25.8,10.9,2.6
897,1,607,13389,0.57,22.1,6.6,5.5
898,35,17,180,0.625,10.6,3,1.3